P-iqb,P-eletrico,P-agua,P-gas,Temperatura ambiente,Tarifa da energia Selétrica,IQB 1,IQB 2,IQB 3,IQB 4,IQB 5,IQB 6,IQB 7,IQB médio,IQB total,Recompensa total,Custo elétrico total,Custo de gás total,Custo de água total,Custo total do banho
0.0,1.0,0.0,0.0,15.0,1.0,9.538758603423243e-27,0.0023725792811769815,0.06295053451687183,0.4433197679879478,0.8210490822160189,0.7466798149430166,0.7396859546192035,0.4022939619377479,2.8160577335642354,[ 2.8161 -0.3649 -0.3971 -1.1551],0.3648636065157723,1.1550638297872338,0.3971470501788807,1.917074486481887
0.0,1.0,0.0,0.0,16.0,1.0,8.434051498429934e-17,0.007846879049158649,0.11765974058972642,0.7240737774261056,0.9207211545858489,0.8637218725930149,0.8612562416976924,0.49932566656307814,3.495279665941547,[ 3.4953 -0.3091 -0.3867 -1.115 ],0.3090703852453833,1.1149574468085104,0.386746270484982,1.8107741025388757
0.0,1.0,0.0,0.0,17.0,1.0,5.827488927222223e-08,0.09942024167088963,0.421170316877746,0.9102120240055381,0.9478629677365303,0.9454675973213796,0.9447960468148603,0.6098470361002619,4.268929252701834,[ 4.2689 -0.3816 -0.3687 -1.0662],0.3815996156930855,1.0662127659574467,0.368675563761182,1.8164879454117142
0.0,1.0,0.0,0.0,18.0,1.0,1.9479869450523843e-05,0.06300727779748057,0.7338455155761384,0.9748593901800022,0.9885201504917528,0.9884240816864641,0.9884799869095917,0.6767365546444114,4.73715588251088,[ 4.7372 -0.1304 -0.3601 -1.0699],0.13035000881813275,1.069914893617021,0.36007243719413573,1.5603373396292897
0.0,1.0,0.0,0.0,19.0,1.0,0.00019523142613711713,0.11155468296147579,0.5329287640835692,0.9824881889125122,0.9915594459156972,0.9910102468335158,0.9908943789195699,0.657232991293211,4.600630939052477,[ 4.6006 -0.005  -0.3675 -1.0853],0.004964066162192133,1.0853404255319148,0.36749907595641756,1.4578035676505245
0.0,1.0,0.0,0.0,20.0,1.0,0.0005791163775196827,0.019910432439947497,0.254897849009646,0.34352643381786957,0.9941248214861802,0.9875481485592843,0.987568729489874,0.5125936473114744,3.588155531180321,[ 3.5882 -0.0699 -0.3746 -0.9737],0.06986486830302024,0.973659574468085,0.3746366747676091,1.4181611175387143
0.0,1.0,0.0,0.0,21.0,1.0,0.0015953178045054596,0.5963541486041841,0.9904696735458532,0.9460101429143923,0.886304324879827,0.8839304661123942,0.8829735444450127,0.7410910883294527,5.1876376183061685,[ 5.1876 -0.1453 -0.2747 -0.7879],0.14530945150410327,0.7879361702127659,0.27474728457295733,1.2079929062898265
0.0,1.0,0.0,0.0,22.0,1.0,0.0031832665674902776,0.267709879038815,0.1951869442503904,0.978779677931472,0.7868973634183426,0.6933575223688689,0.6879284286900035,0.5161490117521975,3.6130430822653827,[ 3.613  -0.0587 -0.2793 -0.7509],0.05870725215128801,0.7509148936170212,0.2792813116803636,1.088903457448673
0.0,1.0,0.0,0.0,23.0,1.0,0.0031448350053106316,0.2784542940515684,0.1475528634138026,0.9193186221975972,0.6054511243552718,0.3669769706222468,0.36787918788893587,0.3841111282192476,2.688777897534733,[ 2.6888 -0.0528 -0.2296 -0.609 ],0.05275196230579149,0.6089999999999999,0.22956892923338817,0.8913208915391795
0.0,1.0,0.0,0.0,24.0,1.0,0.001355261471311965,0.3177109811241972,0.16421176643016966,0.3677278976241599,0.3678791219961099,0.36787895758292843,0.36787879899251824,0.2792346836030565,1.9546427852213955,[ 1.9546 -0.0422 -0.1865 -0.4986],0.04220619771162567,0.4985531914893616,0.18650955532936697,0.7272689445303543
0.0,1.0,0.0,0.0,25.0,1.0,0.00014845570771125185,0.35827404915250516,0.13887386448932237,0.367879284635588,0.36787914652978276,0.3678790050284954,0.36787886980845935,0.2812589536216949,1.9688126753518644,[ 1.9688  0.     -0.1764 -0.4652],0.0,0.46523404255319145,0.17639102238947035,0.6416250649426618
0.0,1.0,0.0,0.0,26.0,1.0,0.0003499590969767139,0.3343678527319716,0.03264118333552971,0.36768394968295853,0.36787911221195907,0.3678789947040634,0.36787888580091416,0.2626685625091962,1.8386799375643732,[ 1.8387  0.     -0.1787 -0.4399],0.0,0.43993617021276593,0.17874159307828583,0.6186777632910517
0.0,1.0,0.0,0.0,27.0,1.0,0.001967750075205608,0.26919132510097976,0.5055107209576651,0.36782733547771046,0.3678792924983988,0.36787919131038166,0.3678790915252339,0.32116210099222503,2.2481347069455753,[ 2.2481  0.     -0.2252 -0.4671],0.0,0.46708510638297873,0.22524295620454185,0.6923280625875206
0.0,1.0,0.0,0.0,28.0,1.0,0.016324280414520047,0.2396962260139188,0.40458617439986794,0.15383592474791888,0.3678793186738947,0.3678792349288253,0.36787915272527455,0.27401147312917434,1.9180803119042202,[ 1.9181  0.     -0.2671 -0.4523],0.0,0.45227659574468093,0.2670654429037921,0.719342038648473
0.0,1.0,0.0,0.0,29.0,1.0,0.06470601458282492,0.3141908384821953,0.4105292983410657,0.1999047493077863,0.3678793299782295,0.3678792620257119,0.36787919644935263,0.2989955270238808,2.092968689167166,[ 2.093   0.     -0.2494 -0.4066],0.0,0.4066170212765957,0.24939037522337093,0.6560073964999666
0.0,1.0,0.0,0.0,30.0,1.0,0.181482464579088,0.29188786454805676,0.4155039670790993,0.2547611249811256,0.36787936418846234,0.36787931049072065,0.367879258462406,0.32103905061842264,2.2472733543289585,[ 2.2473  0.     -0.265  -0.3906],0.0,0.39057446808510643,0.26504926822609237,0.6556237363111987
0.100379705,2.4969479e-17,0.8996203,0.0,15.0,1.0,1.3662621232704522e-10,0.03100247542283981,0.44261956166731264,0.50353286047909,0.5433132199092895,0.9794834101919128,0.1740198305233917,0.3819959083329233,2.673971358330463,[ 2.674  -0.5549 -0.3623 -1.2464],0.5548926022150621,1.2463829787234042,0.3622632097058941,2.16353879064436
0.100379705,2.4969479e-17,0.8996203,0.0,16.0,1.0,3.2347573069350534e-09,0.23921097555704574,0.4392486953981045,0.549881792880824,0.4216583071014972,0.9717233253452421,0.18194775978983924,0.4005244084724729,2.80367085930731,[ 2.8037 -0.5923 -0.3669 -1.1619],0.5923189540708138,1.1618510638297872,0.36694040317618287,2.121110421076784
0.100379705,2.4969479e-17,0.8996203,0.0,17.0,1.0,6.006466728154818e-08,0.33774180759412864,0.43621214519693896,0.2271218787167504,0.8744357435852024,0.6266599348131188,0.29047637277316724,0.39894970610628194,2.7926479427439737,[ 2.7926 -0.5839 -0.3355 -0.9693],0.5838565599093618,0.9693404255319148,0.3355328716939996,1.8887298571352762
0.100379705,2.4969479e-17,0.8996203,0.0,18.0,1.0,8.747141420007307e-07,0.41140925655880645,0.25218948547387543,0.9603712206246747,0.812239681443099,0.18541448795902965,0.7921686362374816,0.48768480614444415,3.413793643011109,[ 3.4138 -0.4589 -0.2821 -0.8385],0.45887649863603613,0.838531914893617,0.2821373286722438,1.5795457422018968
0.100379705,2.4969479e-17,0.8996203,0.0,19.0,1.0,9.990400979440387e-06,0.4519688397214153,0.3678793459500462,0.9696293504435073,0.6021028423813217,0.47043273948209924,0.8762475645204638,0.534038667557119,3.738270672899833,[ 3.7383 -0.5681 -0.2727 -0.7447],0.5681343610227149,0.7447446808510637,0.2727348621922017,1.5856139040659802
0.100379705,2.4969479e-17,0.8996203,0.0,20.0,1.0,8.948894546117259e-05,0.44761064304395376,0.36787940294536936,0.949776805356652,0.4077085792387763,0.9814845487457096,0.5606338545443956,0.5307404746886168,3.7151833228203177,[ 3.7152 -0.4412 -0.2604 -0.7281],0.4411969314961271,0.7280851063829786,0.2604269318462658,1.4297089697253715
0.100379705,2.4969479e-17,0.8996203,0.0,21.0,1.0,0.0009917669675145403,0.4255990337386716,0.36787943103331383,0.6895018387077746,0.2908009455952982,1.0,0.8151127871022332,0.5128408290206866,3.589885803144806,[ 3.5899 -0.5169 -0.2787 -0.6991],0.5168601856113441,0.6990851063829786,0.27866861907191665,1.494613911066239
0.100379705,2.4969479e-17,0.8996203,0.0,22.0,1.0,0.002219612896704582,0.4106711078242529,0.3678794451415605,0.05853282091930858,0.41099886401925445,0.36787944499918535,0.05907057591636135,0.23960741024523255,1.6772518717166278,[ 1.6773 -0.2817 -0.2734 -0.7318],0.28165906485690234,0.731787234042553,0.27343798467605285,1.286884283575508
0.100379705,2.4969479e-17,0.8996203,0.0,23.0,1.0,0.0007780381010213754,0.41321321163860764,0.36787944960105595,0.056638161569037206,0.8351755367548437,0.09918369220380609,0.295478014978062,1.772868089868372,[-3.2271 -5.2957 -5.1943 -5.646 ],0.2956510084760802,0.6460212765957446,0.19430696311245027,1.1359792481842752,
0.100379705,2.4969479e-17,0.8996203,0.0,24.0,1.0,3.690828352245009e-06,0.4173318474253014,0.3678794530633932,0.09795414966291255,0.6906302476055102,0.27622177033229484,0.8126530782739224,0.3803820338845267,2.6626742371916867,[ 2.6627 -0.1317 -0.1982 -0.5936],0.13166015313066157,0.5935744680851062,0.19815305105813516,0.923387672273903
0.100379705,2.4969479e-17,0.8996203,0.0,25.0,1.0,0.015934435338963444,0.4118160652933788,0.3678794595858192,0.1844580218858037,0.01819593398827683,0.661545475290285,0.22899739067102626,0.2698323974362219,1.8888267820535531,[-3.1112 -5.1259 -5.2004 -5.6047],0.12594586383231784,0.6046808510638296,0.20035111058446298,0.9309778254806105
0.100379705,2.4969479e-17,0.8996203,0.0,26.0,1.0,0.36434560152581896,0.36787933986453714,0.0644683420456499,0.0039382385986823825,0.3145968516035056,0.4077310788269275,0.3678794654923552,0.2701198454224966,1.8908389179574765,[ 1.8908 -0.1815 -0.1914 -0.4714],0.18150000000000005,0.4714042553191488,0.19143290539577476,0.8443371607149236
0.100379705,2.4969479e-17,0.8996203,0.0,27.0,1.0,0.44832743570558264,0.3678793994972872,0.19311160464579386,0.048814351520120904,0.004640038597596694,0.6768156486653196,0.43162058863277564,0.3101727238949252,2.1712090672644764,[ 2.1712 -0.2136 -0.1251 -0.3653],0.21358695921636583,0.36527659574468074,0.1250849265467906,0.7039484815078372
0.100379705,2.4969479e-17,0.8996203,0.0,28.0,1.0,0.4845179084554537,0.3678794413396701,0.3066761478022337,0.2232708006140531,0.08327077002473304,0.00830558721656324,0.055593833462283235,0.2185020698449986,1.52951448891499,[ 1.5295 -0.1568 -0.103  -0.2548],0.1568044861462696,0.2548297872340425,0.10298278332315153,0.5146170567034636
0.100379705,2.4969479e-17,0.8996203,0.0,29.0,1.0,0.4557120454808058,0.36787946651070014,0.35541066500172513,0.3114214555253697,0.2236191999237303,0.10868076787015252,0.013090117112030947,0.26225910248921636,1.8358137174245146,[ 1.8358 -0.1406 -0.0899 -0.2388],0.14056294138829226,0.23878723404255317,0.08988412816326018,0.4692343035941056
0.100379705,2.4969479e-17,0.8996203,0.0,30.0,1.0,0.40949297547572505,0.3679109586188083,0.37702489456318883,0.342508407225105,0.3050891645281852,0.2252418254366103,0.09897494457693361,0.3037490243463652,2.1262431704245564,[ 2.1262 -0.1247 -0.0855 -0.224 ],0.12472608968655727,0.2239787234042553,0.08547691128381514,0.4341817243746277
0.0,0.0,1.0,0.0,15.0,1.0,3.873789966190772e-17,0.006098258023878923,0.5424555458165405,0.3678793365223838,0.00020873469223349294,0.48479800263757383,0.12165330703058692,0.2175847406747425,1.5230931847231977,[ 1.5231 -0.5018 -0.2328 -0.7904],0.501765427743134,0.7904042553191488,0.2328185915450643,1.524988274607347
0.0,0.0,1.0,0.0,16.0,1.0,2.3044627316557705e-17,0.29606085489378653,0.007760208653939652,0.7387598602121505,0.36787927089233297,0.0001897090918405751,0.6091804550428158,0.2885471941124094,2.019830358786866,[ 2.0198 -0.4103 -0.2122 -0.7577],0.41031428924335245,0.7577021276595743,0.21220787007701195,1.3802242869799388
0.0,0.0,1.0,0.0,17.0,1.0,8.077368904679616e-19,0.3700305632455928,0.9054934296651587,0.3678793127114878,0.0020430679144867363,0.7021317922018044,0.3678792808054917,0.3879224923634318,2.7154574465440224,[ 2.7155 -0.3892 -0.2009 -0.7133],0.3892145282300335,0.7132765957446808,0.20092266598717912,1.3034137899618936
0.0,0.0,1.0,0.0,18.0,1.0,7.34337392866139e-19,0.43125982628818255,0.9067353884063492,0.3678793267218021,0.05546395051496696,0.761970522310833,0.36787930456695894,0.4130269026870133,2.891188318809093,[ 2.8912 -0.3726 -0.1962 -0.6861],0.372572239812986,0.686127659574468,0.19622440392369,1.254924303311144
0.0,0.0,1.0,0.0,19.0,1.0,7.4747335710431285e-19,0.47971934090021867,0.3583370981783106,0.4107327607949029,0.29313729966393715,0.7805024562858282,0.3678793208153731,0.3843297538055101,2.6903082766385706,[ 2.6903 -0.3488 -0.1807 -0.6324],0.34877626600557865,0.6324468085106382,0.18072980999494168,1.1619528845111584
0.0,0.0,1.0,0.0,20.0,1.0,8.887485908236165e-16,0.45452941716998235,0.22752678323911812,0.8389724510500862,0.3678793425736814,0.5985128376066403,0.3678793069964157,0.4079000198051322,2.855300138635925,[ 2.8553 -0.3572 -0.1872 -0.5942],0.35723195046603273,0.5941914893617021,0.18724324273753332,1.138666682565268
0.0,0.0,1.0,0.0,21.0,1.0,2.25177136356659e-07,0.4404303847983138,0.36331074715128964,0.9437351822769025,0.3678793706763998,0.6671439280935495,0.3678793298419497,0.450054166859363,3.150379168015541,[ 3.1504 -0.3659 -0.196  -0.4992],0.36589216352920945,0.4991702127659574,0.19601794130262087,1.0610803175977876
0.0,0.0,1.0,0.0,22.0,1.0,0.037047898640673656,0.2088792667840178,0.9459224954266068,0.36787938385634505,0.7989554865811657,0.3678793586330552,0.19784275176645505,0.41777237738404555,2.9244066416883188,[ 2.9244 -0.2658 -0.1858 -0.5288],0.26578871161081724,0.5287872340425531,0.1857622533099705,0.9803381989633408
0.0,0.0,1.0,0.0,23.0,1.0,0.10931493949770842,0.5007758044196112,0.36787933159706204,0.9748885422422378,0.36787939752178656,0.6177908748749937,0.36429236442217583,0.4718316077965108,3.3028212545755755,[ 3.3028 -0.2479 -0.1651 -0.4122],0.24794607377332295,0.41217021276595733,0.16512358020658433,0.8252398667458646
0.0,0.0,1.0,0.0,24.0,1.0,0.19120861603503642,0.637323023033847,0.36787936157061113,0.34774380258535503,0.04269788722016475,0.839643702932275,0.3678793880686185,0.3991965402065582,2.7943757814459076,[ 2.7944 -0.2291 -0.1355 -0.385 ],0.2291319647108931,0.38502127659574464,0.13553315535812935,0.7496863966647671
0.0,0.0,1.0,0.0,25.0,1.0,0.2856501149678613,0.17948050182609915,0.9877204407074993,0.3678794219106208,0.3678793116856676,0.9841758127068679,0.3678794377459551,0.5058092916500817,3.5406650415505716,[ 3.5407 -0.2126 -0.1451 -0.3863],0.21262488196259335,0.3862553191489362,0.1451441386377371,0.7440243397492666
0.0,0.0,1.0,0.0,26.0,1.0,0.37156911172717794,0.3668921948390847,0.3678792290355426,0.3678791082273187,0.3678789909386337,0.36787888237448657,0.3678787849224193,0.3682651860092377,2.5778563020646637,[ 2.5779 -0.1941 -0.0864 -0.2993],0.1940832024191131,0.29925531914893605,0.08641164534289598,0.5797501669109452
0.0,0.0,1.0,0.0,27.0,1.0,0.44158087645295174,0.3678415155816951,0.36787931056091916,0.3678792099785756,0.36787910945339747,0.3678790147620292,0.36787892877638095,0.3784025665094214,2.6488179655659496,[ 2.6488 -0.1758 -0.0845 -0.2721],0.1758472303624375,0.2721063829787233,0.08448608558210521,0.532439698923266
0.0,0.0,1.0,0.0,28.0,1.0,0.43695930028509317,0.27938717396748763,0.36787931836634247,0.3678792346206535,0.3678791524365312,0.3678790758629966,0.3678790068252983,0.36510603748062903,2.555742262364403,[ 2.5557 -0.1546 -0.0542 -0.2376],0.1545671353438894,0.23755319148936166,0.0542406942200706,0.44636102105332165
0.0,0.0,1.0,0.0,29.0,1.0,0.01683467207111994,0.9178613692905953,0.36787945260518645,0.36787940104865785,0.3678793365558678,0.367879268600051,0.3678792026429632,0.39629895754492017,2.7740927028144413,[ 2.7741 -0.1454 -0.0509 -0.2252],0.14543513084159615,0.22521276595744677,0.05087314300937438,0.4215210398084173
0.0,0.0,1.0,0.0,30.0,1.0,0.09744141188692901,0.867810303474123,0.36787945795277605,0.36787941747848824,0.3678793666204444,0.367879312930203,0.36787926076571686,0.4006640758726686,2.8046485311086804,[ 2.8046 -0.1288 -0.048  -0.2005],0.12875046867329829,0.200531914893617,0.0479942521036379,0.3772766356705532
0.0652012,0.068590246,0.15435416,0.7118544,15.0,1.0,2.3268469941076928e-07,6.865027258195511e-06,0.5337530468353293,0.9326942922347768,0.8231603014278364,0.8178925985970796,0.8159511740577375,0.5604940729806739,3.9234585108647173,[ 3.9235 -0.5188 -0.3476 -1.0051],0.5187539081083168,1.0051276595744678,0.3476425675708983,1.8715241352536829
0.0652012,0.068590246,0.15435416,0.7118544,16.0,1.0,1.3958702636293439e-06,0.018164248027765312,0.5426861094909021,0.9167837011336829,0.865587022832543,0.8611519431017701,0.8599234093198934,0.5806139756824029,4.06429782977682,[ 4.0643 -0.5175 -0.3665 -0.9848],0.5175081700876859,0.9847659574468084,0.3665361838804809,1.8688103114149754
0.0652012,0.068590246,0.15435416,0.7118544,17.0,1.0,4.289956039759443e-06,0.013932417011809866,0.4253431330556584,0.96392654458891,0.9022180395674924,0.8990837229651862,0.94233597939179,0.5924063037909838,4.1468441265368865,[ 4.1468 -0.5537 -0.3786 -0.9175],0.5537171709360711,0.9175106382978723,0.37860636996936053,1.8498341792033037
0.0652012,0.068590246,0.15435416,0.7118544,18.0,1.0,6.955927224846292e-06,0.005348955960476565,0.3359707945153795,0.9941070163387644,0.8832028767657157,0.931944720864795,0.9333890623862472,0.5834243403940862,4.083970382758603,[ 4.084  -0.5796 -0.3809 -0.8243],0.5795713998547439,0.8243404255319149,0.3809271623121403,1.7848389876987993
0.0652012,0.068590246,0.15435416,0.7118544,19.0,1.0,2.1006768203588617e-05,0.10888384959654795,0.49690347680929664,0.8925935610502546,0.9135218391860525,0.9610964348503745,0.9889710064341309,0.6231415963849801,4.361991174694861,[ 4.362  -0.4566 -0.3257 -0.7596],0.4565719957478231,0.7595531914893616,0.32566162388830006,1.5417868111254849
0.0652012,0.068590246,0.15435416,0.7118544,20.0,1.0,6.647969114752685e-05,0.15320983897421786,0.848512122508055,0.943301371250952,0.9542721127303738,0.9907154110524882,1.0,0.6985824766010335,4.890077336207234,[ 4.8901 -0.4349 -0.3356 -0.7571],0.4348904684970285,0.7570851063829785,0.33560767412112186,1.5275832490011287
0.0652012,0.068590246,0.15435416,0.7118544,21.0,1.0,0.000200643890996172,0.2239882619378711,1.0,1.0,1.0,1.0,1.0,0.7463127008326954,5.224188905828868,[ 5.2242 -0.413  -0.3366 -0.7312],0.41301759948608335,0.7311702127659574,0.33660133288795335,1.4807891451399942
0.0652012,0.068590246,0.15435416,0.7118544,22.0,1.0,0.0007267902609930255,0.32717566409331816,0.9931032515544634,1.0,1.0,1.0,1.0,0.7601436722726821,5.3210057059087745,[ 5.321  -0.392  -0.3374 -0.7034],0.3920232906245908,0.7034042553191489,0.33735460018878166,1.4327821461325214
0.0652012,0.068590246,0.15435416,0.7118544,23.0,1.0,0.09166471584595967,0.7245566817174107,1.0,0.8925223015572555,1.0,1.0,1.0,0.8155348141600894,5.708743699120626,[ 5.7087 -0.2617 -0.2811 -0.6972],0.26169826765712434,0.6972340425531914,0.28110016183730235,1.2400324720476181
0.0652012,0.068590246,0.15435416,0.7118544,24.0,1.0,0.1896772061083897,1.0,1.0,1.0,1.0,1.0,1.0,0.8842396008726271,6.18967720610839,[ 6.1897 -0.2288 -0.2688 -0.6479],0.22884534769473314,0.647872340425532,0.26880981494199807,1.1455275030622634
0.0652012,0.068590246,0.15435416,0.7118544,25.0,1.0,0.28047583389348757,0.9864976285498286,0.9646130382251081,0.9629130620357804,0.9624784806138612,0.9623730483633864,0.9622875970197867,0.8688055269573198,6.081638688701239,[ 6.0816 -0.2141 -0.2285 -0.5393],0.21411333982485917,0.5392765957446808,0.22847963594351733,0.9818695715130572
0.0652012,0.068590246,0.15435416,0.7118544,26.0,1.0,0.015855523817968425,0.4337692104906867,0.9665721135409497,0.47063122422969333,0.6244184948770973,0.3434198428060924,0.972936879415229,0.546800469882531,3.8276032891777167,[ 3.8276 -0.1353 -0.2487 -0.4949],0.13532963589282013,0.4948510638297872,0.24873849268498047,0.8789191924075879
0.0652012,0.068590246,0.15435416,0.7118544,27.0,1.0,0.4348244854517935,0.5003700958171053,0.2863876712264603,0.9000387840436135,0.36528710194981157,0.6313502969730516,0.3369598683208506,0.49360261482609813,3.455218303782687,[ 3.4552 -0.1775 -0.1507 -0.3542],0.17745474202603712,0.35417021276595745,0.1506637309719807,0.6822886857639753
0.0652012,0.068590246,0.15435416,0.7118544,28.0,1.0,0.4581507398521907,0.845066358723607,0.3855473548611208,0.7688741529739593,0.3784182024283891,0.5826258861284009,0.36490115675667967,0.540511978817764,3.783583851724348,[ 3.7836 -0.1597 -0.1481 -0.3289],0.15969309626001066,0.3288723404255318,0.14810495650877012,0.6366703931943126
0.0652012,0.068590246,0.15435416,0.7118544,29.0,1.0,4.028964516669147e-05,0.8507010192590909,0.4377200917218182,0.510978674466609,0.49702670822321365,0.37243455378670093,0.822921692617656,0.49883186138860797,3.4918230297202557,[ 3.4918 -0.1481 -0.0918 -0.2678],0.14808434034169013,0.26778723404255317,0.09182586234964424,0.5076974367338876
0.0652012,0.068590246,0.15435416,0.7118544,30.0,1.0,1.833054705785383e-05,0.4377123735150261,0.8129570398455864,0.4807636721723105,0.6447552384857334,0.46395380624218324,0.5818163081218432,0.4888538241328201,3.4219767689297407,[ 3.422  -0.1318 -0.0845 -0.2332],0.13183635058152454,0.23323404255319147,0.08453417762348087,0.4496045707581969
0.01172655,0.36725152,0.33017388,0.29084805,15.0,1.0,6.150430731922976e-16,0.015034036791438546,0.8217255928347829,0.36787931872655927,0.00032377061838417386,0.3422581325096919,0.44257417775258745,0.28425643274763496,1.9897950292334445,[ 1.9898 -0.4265 -0.226  -0.8225],0.42650203552546423,0.8224893617021275,0.22603697256079888,1.4750283697883906
0.01172655,0.36725152,0.33017388,0.29084805,16.0,1.0,6.190044263700274e-13,0.28334653204654275,0.6775287238335278,0.36787925937088367,0.0011678340904191212,0.5005943218451976,0.04501005241003541,0.2679323890853179,1.8755267235972253,[ 1.8755 -0.4188 -0.2172 -0.7515],0.41880565481943677,0.7515319148936168,0.21722289740887646,1.3875604671219302
0.01172655,0.36725152,0.33017388,0.29084805,17.0,1.0,1.5293086971602322e-10,0.37717815734660504,0.8907003426614549,0.36787930983703615,0.007818430453619346,0.6989227365620767,0.36787928028329137,0.3871968938995735,2.7103782572970148,[ 2.7104 -0.3914 -0.2145 -0.7244],0.39135993762150006,0.7243829787234041,0.21453304136072437,1.3302759577056285
0.01172655,0.36725152,0.33017388,0.29084805,18.0,1.0,5.39619379121146e-14,0.01286034722663015,0.4123603827033494,0.956201575357059,0.36787933644056003,0.056889811765674037,0.6540192079464524,0.3514586659199684,2.4602106614397785,[ 2.4602 -0.5593 -0.3036 -0.7059],0.5592866441845009,0.7058723404255319,0.30364855790832357,1.5688075425183565
0.01172655,0.36725152,0.33017388,0.29084805,19.0,1.0,1.5765495614263194e-24,0.0010121758540340092,0.23966330865970858,0.8456572726443644,0.3678793280915513,0.24127285024457823,0.7964446651325994,0.3559899429466909,2.491929600626836,[ 2.4919 -0.417  -0.2994 -0.6596],0.41703271076132387,0.659595744680851,0.29937787197070775,1.3760063274128829
0.01172655,0.36725152,0.33017388,0.29084805,20.0,1.0,2.6948408006287107e-28,0.001303975299143092,0.3268997925991344,0.9866855063571304,0.3678793675596985,0.47747615852802405,1.0,0.4514635429061615,3.1602448003431305,[ 3.1602 -0.3935 -0.2943 -0.654 ],0.3935039733903656,0.6540425531914893,0.2942645235938814,1.3418110501757363
0.01172655,0.36725152,0.33017388,0.29084805,21.0,1.0,2.7067511578407494e-27,0.029378341599238633,0.4213164227885745,0.36219977888715443,0.8503065233586995,0.36787935609437394,0.6257349508737858,0.37954505337168953,2.6568153736018267,[ 2.6568 -0.3163 -0.2087 -0.485 ],0.31632853912787384,0.4849787234042553,0.20867295306878159,1.0099802156009108
0.01172655,0.36725152,0.33017388,0.29084805,22.0,1.0,7.880520827978532e-24,0.13083467401466212,0.7902933889381,0.36787935615917544,0.8956372529011883,0.36787937437135176,0.40336989058658185,0.42227056242443706,2.9558939369710595,[ 2.9559 -0.2529 -0.2021 -0.4461],0.2529388622526753,0.4461063829787233,0.20208859699288956,0.9011338422242883
0.01172655,0.36725152,0.33017388,0.29084805,23.0,1.0,8.2537117763767595e-19,0.2087961471284621,0.9681573382217038,0.3678793942499484,0.822678092789265,0.36787937397024806,0.1430075437993924,0.4111996985941457,2.87839789015902,[ 2.8784 -0.2246 -0.2083 -0.4004],0.2245844943430513,0.4004468085106382,0.20834009546566018,0.8333713983193496
0.01172655,0.36725152,0.33017388,0.29084805,24.0,1.0,5.231668628753964e-14,0.3200099011860498,1.0,0.36787942626732517,0.9123975200560713,0.36787939519893564,0.17059602028144882,0.4483946089985547,3.138762262989883,[ 3.1388 -0.2071 -0.2213 -0.3869],0.20714349087718315,0.38687234042553187,0.22126046341867603,0.8152762947213911
0.01172655,0.36725152,0.33017388,0.29084805,25.0,1.0,1.3381620463723656e-05,0.39896959745541144,1.0,0.36787942751771047,0.36787931985986644,0.3678791852665945,0.3678790434806741,0.4100714221715315,2.8704999552007204,[ 2.8705 -0.1935 -0.1882 -0.3875],0.19349610302915615,0.38748936170212755,0.1882092969617181,0.7691947616930018
0.01172655,0.36725152,0.33017388,0.29084805,26.0,1.0,0.3688748774429024,0.662504461307674,0.3678793886039713,0.3678792816724361,0.36787916208176724,0.3678790423618519,0.367878929479904,0.4101107347072153,2.870775142950507,[ 2.8708 -0.1815 -0.1037 -0.306 ],0.18150000000000005,0.3060425531914893,0.10373908815603756,0.5912816413475269
0.01172655,0.36725152,0.33017388,0.29084805,27.0,1.0,0.43616585236714883,0.5024170535036484,0.36787938507497553,0.3678792917710056,0.36764413146828556,0.3675505200661733,0.3512894822655895,0.39440367378811814,2.760825716516827,[ 2.7608 -0.1768 -0.0982 -0.277 ],0.17678243926330328,0.2770425531914893,0.09816323483236473,0.5519882272871574
0.01172655,0.36725152,0.33017388,0.29084805,28.0,1.0,0.46010811236547494,0.36584897003486844,0.08438059267080011,0.1355030773204081,0.7164096015062512,0.4926090126349071,0.36783974518298035,0.3746713016736701,2.6226991117156904,[ 2.6227 -0.1299 -0.1405 -0.3178],0.12986953388870107,0.3177659574468085,0.14052024795914583,0.5881557392946555
0.01172655,0.36725152,0.33017388,0.29084805,29.0,1.0,0.27271122260756575,0.07339300171280756,0.48792088005567763,0.5154329596753777,0.4524805245590197,0.454344214618831,0.4580491543389838,0.38776170822403755,2.714331957568263,[ 2.7143 -0.0771 -0.1428 -0.3221],0.07709410109672524,0.32208510638297866,0.1427891731457447,0.5419683806254486
0.01172655,0.36725152,0.33017388,0.29084805,30.0,1.0,0.13743932184706556,0.19890568474830858,0.11503020139499215,0.24280841131563452,0.337923289897254,0.29942976784313086,0.24693901455522993,0.22549652737165937,1.5784756916016156,[ 1.5785 -0.0613 -0.0762 -0.248 ],0.06131644658480609,0.24804255319148932,0.07619759029120345,0.38555659006749887
0.015168927,0.09642706,0.888404,0.0,15.0,1.0,7.905838878231389e-15,0.002510650386360976,0.5095504477454972,0.34748880498187884,0.0001643613573234796,0.6489176272502581,0.36787924025672764,0.26807301885400775,1.876511131978054,[ 1.8765 -0.5175 -0.2435 -0.7966],0.5175471280696113,0.7965744680851062,0.24352742707424252,1.5576490232289602
0.015168927,0.09642706,0.888404,0.0,16.0,1.0,3.941940539451491e-16,0.3079039186795101,0.009988178063288774,0.8896536908428944,0.36787929592744,0.0008746895517784361,0.8233086543591303,0.3428012039177203,2.399608427424042,[ 2.3996 -0.4233 -0.2295 -0.7972],0.42332255419448306,0.797191489361702,0.22954962718386357,1.4500636707400485
0.015168927,0.09642706,0.888404,0.0,17.0,1.0,2.9451865524370073e-16,0.38659881368086785,0.03130259106755236,0.8619391536311721,0.3678793052161219,0.034449894001118087,0.8561798679021231,0.36262137507127934,2.5383496254989555,[ 2.5383 -0.3886 -0.2158 -0.7491],0.3886086586469231,0.749063829787234,0.21581784014623695,1.353490328580394
0.015168927,0.09642706,0.888404,0.0,18.0,1.0,2.681084478607133e-16,0.4464861293768471,0.9920269666208201,0.3678793469279665,0.3313879890409661,0.8614214817352113,0.3678793196793137,0.4810116047687321,3.367081233381125,[ 3.3671 -0.373  -0.2082 -0.7114],0.37296859780768593,0.7114255319148934,0.20824835116739174,1.2926424808899712
0.015168927,0.09642706,0.888404,0.0,19.0,1.0,2.8943091345345775e-16,0.4956102572410615,0.36787934289936425,0.6118449738155066,0.3678792952180337,0.5602868615756833,0.35389685435523116,0.39391394072926866,2.7573975851048806,[ 2.7574 -0.3476 -0.169  -0.6127],0.3475525914842406,0.6127021276595743,0.16904001479571715,1.129294733939532
0.015168927,0.09642706,0.888404,0.0,20.0,1.0,2.121967157456535e-12,0.5321887845423392,0.367879363090099,0.7785775986662727,0.3678793319851412,0.4130760551531939,0.9743686770318913,0.4905671157815799,3.4339698104710594,[ 3.434  -0.3347 -0.203  -0.6355],0.3347054562554369,0.635531914893617,0.2029548371000168,1.1731922082490707
0.015168927,0.09642706,0.888404,0.0,21.0,1.0,3.1420418761005708e-06,0.5076142166710829,0.3678793459275397,0.2611816058384731,0.9960444359164089,0.3678793821685639,0.7346209600134312,0.462174726939625,3.235223088577375,[ 3.2352 -0.3346 -0.225  -0.559 ],0.3345607708108179,0.5590212765957446,0.22496907019056014,1.1185511175971228
0.015168927,0.09642706,0.888404,0.0,22.0,1.0,0.04201111179187358,0.3649796142946228,0.9842643869085765,0.3678793906814213,0.8079801967342803,0.36787935899453883,0.16354442092344199,0.44264835433267935,3.0985384803287555,[ 3.0985 -0.2664 -0.1943 -0.5362],0.2663760526888075,0.536191489361702,0.19425666572973696,0.9968242077802465
0.015168927,0.09642706,0.888404,0.0,23.0,1.0,0.10267259796222955,0.712781837077571,0.3678793581352117,0.981512432820315,0.367879397245733,0.16933606465925033,0.9622882029677335,0.523478555838292,3.664349890868044,[ 3.6643 -0.2709 -0.2021 -0.5313],0.2709355543087634,0.5312553191489361,0.20211909558609853,1.004309969043798
0.015168927,0.09642706,0.888404,0.0,24.0,1.0,0.19394143001402311,0.9684973235067967,0.36787940345084263,0.16490705485449192,0.9664778696437942,0.3678794072052875,0.2798103428453834,0.47277040450294566,3.30939283152062,[ 3.3094 -0.2293 -0.1413 -0.4091],0.22932239375445912,0.4090851063829786,0.14133082587470194,0.7797383260121397
0.015168927,0.09642706,0.888404,0.0,25.0,1.0,0.2862952171009562,0.0709027206872886,0.9566431266497575,0.3678794167798038,0.36787930440213884,1.0,0.36787943503576276,0.48821131723652966,3.4174792206557076,[ 3.4175 -0.2137 -0.1447 -0.385 ],0.21370742983127028,0.3850212765957446,0.14469334499108638,0.7434220514181011
0.015168927,0.09642706,0.888404,0.0,26.0,1.0,0.3718239727097115,0.3510594966817702,0.3678792299554348,0.3678791091506271,0.3678789918105378,0.3678788831675059,0.3678787856258446,0.3660397813002046,2.562278469101432,[ 2.5623 -0.1944 -0.0868 -0.2993],0.19438467664945472,0.29925531914893605,0.08682671036030715,0.5804667061586979
0.015168927,0.09642706,0.888404,0.0,27.0,1.0,0.43991359456972134,0.3663528915288984,0.36787931107717237,0.3678792105171037,0.3678791099731997,0.36787901524141625,0.3678789292056409,0.37795172315902187,2.645662062113153,[ 2.6457 -0.1762 -0.0851 -0.2721],0.17622276247730484,0.2721063829787233,0.08509728147498895,0.533426426931017
0.015168927,0.09642706,0.888404,0.0,28.0,1.0,0.5919414043744613,0.36787941585313355,0.3678793417535026,0.36787925874372496,0.3678791755757159,0.3678790971198959,0.367879025809594,0.3998881027471469,2.7992167192300283,[ 2.7992 -0.1513 -0.0619 -0.2314],0.15129038350586177,0.23138297872340421,0.061865268714127286,0.44453863094339324
0.015168927,0.09642706,0.888404,0.0,29.0,1.0,0.041613190036188887,0.9176222106998491,0.3678794532294244,0.367879401976902,0.3678793375992592,0.36787926964707474,0.3678792036314928,0.39980458097431304,2.798632066820191,[ 2.7986 -0.1448 -0.0529 -0.2252],0.1447637446488361,0.22521276595744677,0.05286022852796249,0.42283673913424535
0.015168927,0.09642706,0.888404,0.0,30.0,1.0,0.0974414130056907,0.867812483291942,0.36789520749288707,0.3678794174821949,0.36787936662461806,0.3678793129343953,0.3678792607696776,0.4006666373716294,2.8046664616014056,[ 2.8047 -0.1287 -0.048  -0.2005],0.12874762044919952,0.200531914893617,0.0479973193497516,0.3772768546925681
0.013838,0.0,0.986162,0.0,15.0,1.0,6.150430731922976e-16,0.0034786661484299793,0.5151389510869055,0.3573353633941429,0.00013631640849433635,0.4610376681140534,0.3438441532543159,0.2401387312009061,1.6809711184063427,[ 1.681  -0.512  -0.2577 -0.8478],0.5119643172479946,0.847787234042553,0.25774298144278446,1.617494532733332
0.013838,0.0,0.986162,0.0,16.0,1.0,3.941940539451491e-16,0.304431021867372,0.018067703559181796,0.8220403557224277,0.36787928408921483,0.00020901370624264198,0.7296980878795223,0.3203322095462803,2.242325466823962,[ 2.2423 -0.4149 -0.2233 -0.7861],0.4148749882096886,0.7860851063829786,0.2233062535257326,1.4242663481184
0.013838,0.0,0.986162,0.0,17.0,1.0,1.674697819146237e-17,0.37671750116367586,0.9644233694099204,0.36787932611423446,0.0020915963909846815,0.8010826720237617,0.3678792957943053,0.41143910869955463,2.8800737608968823,[ 2.8801 -0.3888 -0.2059 -0.7275],0.38879670880331796,0.7274680851063828,0.205939521932091,1.3222043158417918
0.013838,0.0,0.986162,0.0,18.0,1.0,7.34337392866139e-19,0.43125982628818194,0.9923150646517802,0.36787934703429886,0.05559944758950011,0.8543775258831466,0.3678793184411762,0.4384729328411549,3.0693105298880843,[ 3.0693 -0.3765 -0.2019 -0.6979],0.37645722129970083,0.6978510638297871,0.20188091715567066,1.2761892022851584
0.013838,0.0,0.986162,0.0,19.0,1.0,1.6057328641760117e-17,0.48596368081652735,0.311584043378364,0.7526656639852519,0.36787931650593203,0.39327575148459143,0.7954388142499549,0.4438296100600888,3.1068072704206218,[ 3.1068 -0.3506 -0.1919 -0.6565],0.3506253418163848,0.6565106382978723,0.19186744185604118,1.199003421970298
0.013838,0.0,0.986162,0.0,20.0,1.0,3.984634404328676e-13,0.5331917505241377,0.3678793918866481,0.7352837489971783,0.3678793268431852,0.16096279046981476,1.0,0.4521710012459089,3.1651970087213623,[ 3.1652 -0.3391 -0.2029 -0.6547],0.339055233556524,0.6546595744680851,0.2028857949448789,1.196600602969488
0.013838,0.0,0.986162,0.0,21.0,1.0,3.513835803649319e-08,0.5313467179173911,0.3678793565786035,0.4455914777893804,1.0,0.3678793965704383,0.7245590007832569,0.4910365692539182,3.4372559847774276,[ 3.4373 -0.3362 -0.22   -0.5596],0.3362070850641333,0.5596382978723403,0.21999221998861115,1.1158376029250847
0.013838,0.0,0.986162,0.0,22.0,1.0,0.037047898640673656,0.3775738194522234,0.9447101293905646,0.36787938359188505,0.7990015827027253,0.36787935863930366,0.27699870500873247,0.45301298248944394,3.1710908774261077,[ 3.1711 -0.2656 -0.1876 -0.5325],0.2655767663860035,0.5324893617021276,0.1876182503612963,0.9856843784494275
0.013838,0.0,0.986162,0.0,23.0,1.0,0.10267259796222955,0.7302870925773575,0.36787936028578266,0.9552679457638182,0.3678793931792239,0.25760688378242946,1.0,0.5402276105072631,3.7815932735508415,[ 3.7816 -0.251  -0.1984 -0.5282],0.25096767715628715,0.5281702127659573,0.1983574059738643,0.9774952958961088
0.013838,0.0,0.986162,0.0,24.0,1.0,0.1896772061083897,0.9711022423424819,0.36787940397275776,0.9142690570479771,0.36787939548312926,0.1747296127931379,0.7666650617868966,0.5360288542192528,3.75220197953477,[ 3.7522 -0.2548 -0.202  -0.5078],0.25479745595184633,0.5078085106382978,0.20203577350856483,0.964641740098709
0.013838,0.0,0.986162,0.0,25.0,1.0,0.28495243577531587,0.1084480735139781,0.938014375887404,0.36787941263380336,0.3678792986383423,1.0,0.3678794349026427,0.4907218616216409,3.435053031351486,[ 3.4351 -0.2125 -0.1425 -0.3807],0.21250194506297648,0.3807021276595744,0.14248170098534524,0.7356857737078961
0.013838,0.0,0.986162,0.0,26.0,1.0,0.37156911172717794,0.36416837130276364,0.36787922917936683,0.3678791083716431,0.3678789910749055,0.3678788824984201,0.3678787850323461,0.3678760684552319,2.5751324791866232,[ 2.5751 -0.1942 -0.0864 -0.2993],0.19421006706067512,0.29925531914893605,0.08642785792824938,0.5798932441378606
0.013838,0.0,0.986162,0.0,27.0,1.0,0.44158087645295174,0.36747098955832075,0.36787931062331136,0.3678792100436481,0.3678791095162026,0.3678790148199499,0.3678789288282454,0.3783496342632328,2.64844743984263,[ 2.6484 -0.1758 -0.0845 -0.2709],0.17583834931992212,0.2708723404255318,0.08449441096432128,0.5312051007097752
0.013838,0.0,0.986162,0.0,28.0,1.0,0.5812909807658627,0.36756825176855223,0.3678793351710396,0.3678792518851146,0.3678791689596422,0.3678790910204488,0.3678790203491875,0.39832215713140684,2.788255099919848,[ 2.7883 -0.1518 -0.0602 -0.2363],0.15179260770433511,0.23631914893617018,0.060173825431067016,0.4482855820715723
0.013838,0.0,0.986162,0.0,29.0,1.0,0.016834672071120667,0.9178591947227415,0.3678794526208528,0.36787940107187383,0.3678793365819377,0.3678792686262018,0.3678792026676498,0.3962986469089111,2.7740905283623776,[ 2.7741 -0.1454 -0.0509 -0.2264],0.14539829340523483,0.22644680851063825,0.05087314300937438,0.42271824492524745
0.013838,0.0,0.986162,0.0,30.0,1.0,0.09744141260623822,0.8678012238081808,0.3678952259445107,0.3678794175115437,0.36787936665766324,0.36787931296758547,0.36787926080103206,0.4006650314709649,2.804655220296754,[ 2.8047 -0.1288 -0.048  -0.2005],0.12875373845302143,0.200531914893617,0.0479973193497516,0.37728297269639
0.0,0.0,0.43948126,0.56051874,15.0,1.0,4.062633726608945e-33,3.137451549470033e-05,0.2811641505107895,0.8359838129464097,0.3678792712625446,0.00011928690865635197,0.093222316830898,0.22548574471068475,1.5784002129747932,[ 1.5784 -0.5508 -0.2242 -0.7231],0.5507515559331432,0.7231489361702126,0.22415446947533432,1.49805496157869
0.0,0.0,0.43948126,0.56051874,16.0,1.0,9.918783279050125e-30,7.00875093806908e-05,0.5825829542210048,0.3678792617513593,0.00029564330676912204,0.21399686820408934,0.15913058418589035,0.18913648559692767,1.3239553991784936,[ 1.324  -0.5197 -0.2139 -0.6738],0.5196970116250819,0.673787234042553,0.21394980591838003,1.4074340515860149
0.0,0.0,0.43948126,0.56051874,17.0,1.0,1.3523563598278636e-22,0.00020838118881673647,0.4562397495561776,0.36787923706317444,0.0006305512830457367,0.36619114257004337,0.21342045652077893,0.20065278831171954,1.4045695181820368,[ 1.4046 -0.4855 -0.2001 -0.6176],0.4854784001957366,0.6176382978723404,0.20007000384234103,1.3031867019104182
0.0,0.0,0.43948126,0.56051874,18.0,1.0,1.0737509275331815e-13,0.0002337489643371198,0.5417906442322384,0.3678792676944782,0.01236383642109127,0.4433925829288573,0.24422338341879304,0.2299833519514147,1.6098834636599029,[ 1.6099 -0.4531 -0.1875 -0.5461],0.45311424427538655,0.5460638297872339,0.18750253879550727,1.1866806128581278
0.0,0.0,0.43948126,0.56051874,19.0,1.0,1.812212297499039e-13,0.12421686414870722,0.10995353375559375,0.7327040222516904,0.3678793149204317,0.07954002294170431,0.7995054539130662,0.3162570302759106,2.2137992119313745,[ 2.2138 -0.4561 -0.238  -0.6096],0.45609159020295,0.6096170212765958,0.2379807592890999,1.3036893707686457
0.0,0.0,0.43948126,0.56051874,20.0,1.0,2.470257617720887e-23,0.00044022334886046184,0.4767194599139134,0.3678792881025279,0.5349131252854212,0.3678792982279738,0.5863571045645438,0.3334554999204629,2.3341884994432403,[ 2.3342 -0.3319 -0.2158 -0.551 ],0.3318912652557159,0.5509999999999999,0.21584833134196021,1.098739596597676
0.0,0.0,0.43948126,0.56051874,21.0,1.0,3.881482159527583e-26,0.08310378172772594,0.17338904886381254,0.9601930415139162,0.3678793742864833,0.6106976284786532,0.3678793219834451,0.366163170979148,2.563142196854036,[ 2.5631 -0.2699 -0.2014 -0.477 ],0.2699334143769857,0.4769574468085105,0.20139369047821692,0.9482845516637131
0.0,0.0,0.43948126,0.56051874,22.0,1.0,7.880520827978532e-24,0.09934729289880322,0.36269209233568034,0.31113355912427737,0.8927643628406436,0.36787937389111747,0.7330513420964556,0.39526686045528253,2.7668680231869778,[ 2.7669 -0.2566 -0.1952 -0.4486],0.2565634093375461,0.4485744680851063,0.19520359807159426,0.9003414754942467
0.0,0.0,0.43948126,0.56051874,23.0,1.0,1.853803484666448e-19,0.17141831725391235,0.5924748269067406,0.3678793444010521,0.932116705283844,0.36787939085566185,0.3372317241599982,0.39557147269445847,2.769000308861209,[ 2.769  -0.2297 -0.1981 -0.4054],0.2296736243278658,0.4053829787234042,0.19807116393824362,0.8331277669895136
0.0,0.0,0.43948126,0.56051874,24.0,1.0,1.0791404718733647e-17,0.22967915622256097,0.8157602504815775,0.3678793833272808,0.06431042997899745,0.7072718259061452,0.3678793710753599,0.36468291671313174,2.552780416991922,[ 2.5528 -0.2196 -0.1835 -0.4584],0.21961680320259983,0.4584468085106382,0.18348337028868342,0.8615469820019215
0.0,0.0,0.43948126,0.56051874,25.0,1.0,7.570226168586233e-16,0.32443966167963323,0.8474726671491879,0.3678793985820985,0.3678792797657066,0.36787914129089166,0.3678789998889121,0.3776327354794901,2.643429148356431,[ 2.6434 -0.1996 -0.1453 -0.3474],0.19962214301767836,0.3473829787234042,0.14528973585437632,0.6922948575954588
0.0,0.0,0.43948126,0.56051874,26.0,1.0,5.81600182979624e-14,0.3893632165224378,0.9175490385352483,0.36787941713847705,0.36787931826113995,0.36787920103161803,0.36787908037454803,0.3969184674090753,2.7784292718635273,[ 2.7784 -0.1855 -0.1437 -0.3406],0.18554438653163,0.340595744680851,0.1437125550587299,0.669852686271211
0.0,0.0,0.43948126,0.56051874,27.0,1.0,0.4620381071563252,0.36787938718630786,0.3678792942517937,0.3676465250588227,0.31099684990499726,0.140501023978851,0.46477262141731057,0.35453054413634405,2.4817138089544084,[ 2.4817 -0.1526 -0.179  -0.3258],0.15257776195844827,0.32578723404255316,0.17902223513740656,0.657387231138408
0.0,0.0,0.43948126,0.56051874,28.0,1.0,0.5144369870811634,0.36787943886622193,0.3671760671176472,0.32637464270541444,0.009653123199468573,0.8979395496536864,0.367877077385383,0.4073338408584264,2.8513368860089847,[ 2.8513 -0.1507 -0.1072 -0.2838],0.15068137397270456,0.28382978723404256,0.10715210167306467,0.5416632628798118
0.0,0.0,0.43948126,0.56051874,29.0,1.0,0.5763013630140141,0.36787942326300016,0.05742978782366644,0.6826128418891371,0.34535541637647,0.33039369722890904,0.1963410484816317,0.36518765401097547,2.5563135780768285,[ 2.5563 -0.0988 -0.117  -0.2925],0.09880565406267038,0.29246808510638295,0.11702290948387264,0.508296648652926
0.0,0.0,0.43948126,0.56051874,30.0,1.0,0.2967941876995531,0.3504595809876046,0.25417025049390257,0.15871628760118767,0.2466470062843477,0.26834566316784975,0.26262399012557475,0.2625367094800029,1.8377569663600202,[ 1.8378 -0.0991 -0.0728 -0.2301],0.09908427983146477,0.23014893617021276,0.07280946515394937,0.4020426811556269
0.0,0.2818854,0.0,0.7181146,15.0,1.0,1.5111780408082637e-38,5.203610219087375e-06,0.011049683408925065,0.0036849623397147177,0.011054887019144153,[-4.9889 -5.4996 -5.1406 -5.567 ],0.49958836023697784,0.5670425531914892,0.1405515850884374,1.2071824985169044,
0.0,0.2818854,0.0,0.7181146,16.0,1.0,1.27185441068626e-30,1.2698853612182222e-05,0.026435046814726845,0.16323287406396064,0.047420154933074915,0.18968061973229966,[-4.8103 -5.4782 -5.1643 -5.762 ],0.478171039087251,0.7620212765957446,0.164301398686632,1.4044937143696277
0.0,0.2818854,0.0,0.7181146,17.0,1.0,6.013390622658149e-22,5.1442977074246475e-05,0.194740052026535,0.6165306449004808,0.3678792668801845,0.0020869937554211637,0.26634727314390394,0.2068050962405142,1.4476356736835996,[ 1.4476 -0.4824 -0.2041 -0.6306],0.4824383210502614,0.630595744680851,0.2040696113937039,1.3171036771248164
0.0,0.2818854,0.0,0.7181146,18.0,1.0,7.044920654763265e-12,2.5661165556955444e-05,0.5776657413694842,0.3678792733121437,0.01599049464231672,0.778096964634935,0.367879305822554,0.30107677727914794,2.1075374409540357,[ 2.1075 -0.4362 -0.1979 -0.5529],0.43616033857714737,0.5528510638297872,0.1979434349790695,1.186954837386004
0.0,0.2818854,0.0,0.7181146,19.0,1.0,2.103939930235546e-08,0.10177717480162611,0.18094219195699893,0.8873154581475987,0.3678793369508536,0.09137804640534099,0.8001543863788099,0.3470638022400897,2.429446615680628,[ 2.4294 -0.5108 -0.263  -0.5849],0.5108189465708945,0.584936170212766,0.26301516973789285,1.3587702865215534
0.0,0.2818854,0.0,0.7181146,20.0,1.0,4.086801765967012e-21,0.00950560677609334,0.5419406063622378,0.36787932450265476,0.4742386625907339,0.4056317569211528,0.13555881004381373,0.27639353817095513,1.934754767196686,[ 1.9348 -0.3405 -0.2585 -0.596 ],0.34045674836079065,0.5960425531914894,0.2584920287542144,1.1949913303064945
0.0,0.2818854,0.0,0.7181146,21.0,1.0,3.881482159527583e-26,0.07027943568773688,0.08697044108359446,0.9388634066201852,0.36787936968284074,0.6618680656939983,0.36787932911155946,0.3562485782685593,2.4937400478799154,[ 2.4937 -0.2818 -0.2023 -0.472 ],0.2818106297787774,0.47202127659574467,0.2022675223989649,0.956099428773487
0.0,0.2818854,0.0,0.7181146,22.0,1.0,1.090752676420106e-24,0.11436598625861025,0.24515043182457058,0.48995257602990344,0.36787931723573103,0.40963433739758637,0.36775151295264846,0.2849620230998643,1.9947341616990502,[ 1.9947 -0.2227 -0.1974 -0.4356],0.22266266849143573,0.4356170212765957,0.197415640268331,0.8556953300363624
0.0,0.2818854,0.0,0.7181146,23.0,1.0,1.8767356908813867e-21,0.15070064547727227,0.6088133285780081,0.36787934581723974,0.9202426708679823,0.3678793868532342,0.48041163342871007,0.41370385871749243,2.895927011022447,[ 2.8959 -0.2281 -0.1962 -0.4122],0.22806803181607938,0.41217021276595733,0.1962172821088083,0.836455526690845
0.0,0.2818854,0.0,0.7181146,24.0,1.0,7.209972983411288e-19,0.2270420699326985,0.8775134279420577,0.367879390198254,0.317146527587498,1,0.36787941801074325,0.4510658333816073,3.157460833671251,[ 3.1575 -0.2274 -0.1728 -0.3863],0.2273539670104838,0.38625531914893607,0.172813129592111,0.7864224157515309
0.0,0.2818854,0.0,0.7181146,25.0,1.0,1.915552695559657e-16,0.3145019842805186,0.8244652928245996,0.36787939412874954,0.3678792739646239,0.36787913507484665,0.3678789938002406,0.37292629629622553,2.610484074073579,[ 2.6105 -0.1958 -0.1438 -0.348 ],0.1957770358142994,0.3479999999999999,0.14384970550440027,0.6876267413186995
0.0,0.2818854,0.0,0.7181146,26.0,1.0,1.0481648143787689e-08,0.46443193017246087,0.36787943315932675,0.36787934073629547,0.36787922579371624,0.36787910497704757,0.3678789878709698,0.32911829045592356,2.303828033191465,[ 2.3038 -0.1503 -0.1381 -0.2956],0.15032987616206323,0.2955531914893617,0.1380921955786887,0.5839752632301136
0.0,0.2818854,0.0,0.7181146,27.0,1.0,0.43783350055839043,0.7445680936227433,0.3593474463124724,0.3678793243646447,0.36787922448517074,0.36758119059462224,0.3674913471294739,0.43036858958107393,3.0125801270675177,[ 3.0126 -0.1759 -0.1029 -0.2838],0.17585230609404437,0.2838297872340425,0.1028757549269916,0.5625578482550785
0.0,0.2818854,0.0,0.7181146,28.0,1.0,0.4624777622316209,0.3678794427874463,0.22669198282339217,0.06098664130866659,0.6321545524876852,0.3280022390064434,0.3039520532032917,0.3403063819783637,2.382144673848546,[ 2.3821 -0.152  -0.1169 -0.2912],0.15204126451208916,0.2912340425531915,0.11694806272345773,0.5602233697887384
0.0,0.2818854,0.0,0.7181146,29.0,1.0,0.30544323290188846,0.33443965419799426,0.01682352620096185,0.05620237511717534,0.6011027349072462,0.3586981939573957,0.22679447115551,0.2713577412054531,1.8995041884381716,[ 1.8995 -0.0939 -0.1071 -0.277 ],0.09391425742060769,0.2770425531914893,0.10712757216980513,0.4780843827819021
0.0,0.2818854,0.0,0.7181146,30.0,1.0,0.16242954292248998,0.22044495339578785,0.14221971528405192,0.06785420775877257,0.2058706976631351,0.25327963150580524,0.22764857672123692,0.18282104646446853,1.2797473252512797,[ 1.2797 -0.0701 -0.0695 -0.2382],0.07005391910681706,0.23817021276595743,0.06950334838416264,0.37772748025693714
