Pesos,Temperatura ambiente,Tarifa da energia Selétrica,IQB 1,IQB 2,IQB 3,IQB 4,IQB 5,IQB 6,IQB 7,IQB médio,IQB total,Recompensa total,Custo elétrico total,Custo de gás total,Custo de água total,Custo total do banho
1.00.0,15.0,1.0,7.760265660639567e-05,0.030995518741669517,0.9062687106735321,0.8840583336967375,0.8801434820098848,0.878329109171933,0.8774914461859301,0.6367663147337561,4.457364203136293,[ 4.4574 -0.4362],0.43620977496426605,1.0551063829787233,0.325513826395877,1.8168299843388662
1.00.0,16.0,1.0,0.0002807571176578132,0.131296072850676,0.9732704663929277,0.866048514103694,0.8636307086814369,0.8612903822463255,0.8603084937369927,0.6508750564471015,4.556125395129711,[ 4.5561 -0.4056],0.40563736527180005,0.9927872340425532,0.3145996874106317,1.713024286724985
1.00.0,17.0,1.0,1.669355300120469e-07,0.08402709505327775,0.9193175950128541,0.9035010506263785,0.9014084545345774,0.9004922594702965,0.9001831384024312,0.6584185371479065,4.608929760035346,[ 4.6089 -0.2507],0.25074218148278765,0.9804468085106383,0.30844196669566815,1.539630956689094
1.00.0,18.0,1.0,8.48332170010198e-07,0.164265349714493,0.9951515489096481,0.9395821093598472,0.93757051673764,0.9363439595640564,0.9356550791351169,0.701224201678996,4.908569411752972,[ 4.9086 -0.218 ],0.21802867607207946,0.9526808510638295,0.30393173233389337,1.4746412594698022
1.00.0,19.0,1.0,1.1176297907167493e-06,0.2863630401189697,1.0,0.9689195229785239,0.9666958891781252,0.9657320422184041,0.9652690035087487,0.7361400879475088,5.152980615632562,[ 5.153  -0.1894],0.18941725990584254,0.9138085106382977,0.29462276446582114,1.3978485350099614
1.00.0,20.0,1.0,5.594737114453094e-06,0.184414210406803,1.0,0.9591309927339752,0.956780241885471,0.9555842625871696,0.9549826132269569,0.7158425593682127,5.010897915577489,[ 5.0109 -0.3984],0.39838990189201934,0.746595744680851,0.30039950885501576,1.445385155427886
1.00.0,21.0,1.0,4.1910032387701736e-05,0.20498067000226877,1.0,0.9835800824488673,0.9821180327662958,0.9815086097284913,0.9811872897421102,0.7333452278172031,5.133416594720422,[ 5.1334 -0.3966],0.39658742297344485,0.6929148936170213,0.304607366955249,1.3941096835457152
1.00.0,22.0,1.0,0.00030484773805402015,0.33070320499990524,1.0,1.0,1.0,1.0,0.9998610134776733,0.7615527237450904,5.330869066215633,[ 5.3309 -0.3753],0.37532009299017405,0.6632978723404255,0.30517301055495616,1.3437909758855557
1.00.0,23.0,1.0,0.09451439716792974,1.0,1.0,1.0,1.0,1.0,1.0,0.8706449138811329,6.09451439716793,[ 6.0945 -0.246 ],0.24596395983128494,0.6707021276595744,0.26018076662280015,1.1768468541136594
1.00.0,24.0,1.0,0.17193327023569835,0.9701748279098731,1.0,1.0,1.0,1.0,1.0,0.8774440140207959,6.142108098145571,[ 6.1421 -0.227 ],0.22704041047245266,0.6565106382978724,0.2682402964997318,1.1517913452700568
1.00.0,25.0,1.0,0.28744553110226456,0.9648039690127647,0.9931781515892096,0.9761305177524513,0.9960287825979021,0.9779821966271207,0.9967116623845659,0.8846115444380399,6.192280811066279,[ 6.1923 -0.2117],0.21172667957950875,0.6349148936170212,0.2761892726101719,1.122830845806702
1.00.0,26.0,1.0,0.012067731444727928,0.011948003816339307,0.0468170120057619,9.015235971539998e-05,0.026244535200116954,5.3841221934748657e-05,0.014610330065222473,0.01597594373054553,0.11183160611381872,[ 0.1118 -0.363 ],0.3630000000000001,0.23385106382978726,0.5048307716242827,1.10168183545407
1.00.0,27.0,1.0,0.4348244854517935,0.991293110163178,0.9607787462548597,0.9780777763015931,0.980913129852414,0.9821779987410515,0.9827842533404749,0.9015499285864806,6.310849500105364,[ 6.3108 -0.1776],0.17755644703012077,0.5226170212765957,0.2493561980491292,0.9495296663558457
1.00.0,28.0,1.0,0.48767158935230803,0.958728798199055,0.9642886139340142,0.9669322457829761,0.9680615756343408,0.9686579757427194,0.968847307399301,0.8975983008635308,6.283188106044715,[ 6.2832 -0.1566],0.1565663313575688,0.46585106382978714,0.2308783182229012,0.8532957134102571
1.00.0,29.0,1.0,0.6730962743079083,0.9308972971365077,0.9365071736782933,0.9392967348540049,0.9406390128386992,0.9412690965922228,0.9415684363543886,0.9004677179660036,6.303274025762025,[ 6.3033 -0.1393],0.13931477051732608,0.40785106382978725,0.1988613587327133,0.7460271930798266
1.00.0,30.0,1.0,0.8410576784155133,0.90546073344474,0.9125152790711906,0.915915773415692,0.917694546560853,0.9185877264901687,0.9190243701540025,0.90432230107888,6.33025610755216,[ 6.3303 -0.1245],0.12445404719854555,0.35787234042553184,0.18646766968885503,0.6687940573129325
0.06937230.9306277,15.0,1.0,2.237903988321599e-06,0.0012441756213248732,0.30381889223619357,0.8032790686757383,0.9306063447974242,0.9255500585154138,0.9230479280785571,0.5553641008326629,3.8875487058286398,[ 3.8875 -0.2137],0.21366134037643886,1.195787234042553,0.37807762809191126,1.7875262025109033
0.06937230.9306277,16.0,1.0,1.0395363854977136e-05,0.0034229006526907886,0.31001749876759904,0.2829339995236096,0.9471722825137614,0.9500966262613381,0.9149881323660617,0.48694883363555935,3.4086418354489156,[ 3.4086 -0.2102],0.21022271478968135,1.1260638297872336,0.3683771715712932,1.704663716148208
0.06937230.9306277,17.0,1.0,4.355863550022849e-05,0.008907295373338687,0.5228600262729184,0.669162179325782,0.9541781724628907,0.9481323860349334,0.9461572032652338,0.5784915459100853,4.049440821370597,[ 4.0494 -0.1779],0.17790438136249814,1.0865744680851064,0.3592430241775811,1.6237218736251855
0.06937230.9306277,18.0,1.0,0.0001646437183356943,0.16854215772838813,0.9867253144839018,0.943194123444785,0.9727884831523435,0.9716168208527457,0.9710714237648901,0.7163004238779128,5.01410296714539,[ 5.0141 -0.2343],0.23434384386638088,0.9804468085106383,0.3278308465138285,1.5426214988908475
0.06937230.9306277,19.0,1.0,0.0005613741257640244,0.2770650013168248,1.0,0.9296254954619861,0.9253096593191569,0.923192508330761,0.9221955369443873,0.7111356536426972,4.97794957549888,[ 4.9779 -0.2011],0.2011221915715065,0.9014680851063828,0.3049856205942342,1.4075758972721233
0.06937230.9306277,20.0,1.0,0.0017266167308869357,0.42869137224858117,1.0,0.9123811095341844,0.9079128546569194,0.9055204996049493,0.9043804024655543,0.7229446936058679,5.060612855241075,[ 5.0606 -0.1733],0.1733321521581002,0.8545744680851062,0.29549493996456316,1.3234015602077696
0.06937230.9306277,21.0,1.0,0.013356554803303052,0.8459420442647252,0.9873157008284426,0.9833513447748239,0.9820966309178739,0.9814776551761629,0.9811724974610534,0.824958918318055,5.774712428226385,[ 5.7747 -0.2839],0.2839137427690704,0.765723404255319,0.2717723806398841,1.3214095276642737
0.06937230.9306277,22.0,1.0,0.02623967188716399,0.9110349198891959,1.0,1.0,1.0,0.999984193460546,0.9998250823702922,0.8481548382295997,5.937083867607198,[ 5.9371 -0.2621],0.2621222878044901,0.7225319148936169,0.2653731564401468,1.2500273591382538
0.06937230.9306277,23.0,1.0,0.06375155621103114,0.7125219076164816,0.9231683291145808,0.9891944448636176,0.9899364556422021,0.990204549172888,0.9903823831915832,0.8084513751160548,5.659159625812384,[ 5.6592 -0.1815],0.18150000000000005,0.6657659574468086,0.24048175132939195,1.0877477087762006
0.06937230.9306277,24.0,1.0,0.00011675989044549612,0.5366980229517038,0.904752138623302,1.0,0.9808938386301467,0.979317461245673,0.9785525407151636,0.7686186802937763,5.380330762056435,[ 5.3803 -0.3393],0.339324373806278,0.5713617021276596,0.2805977368064828,1.1912838127404204
0.06937230.9306277,25.0,1.0,0.24003085753957798,0.9779078550072824,1.0,0.991669540971718,0.991334868134882,0.9911731268453535,0.9910951614309065,0.8833159157042457,6.18321140992972,[ 6.1832 -0.1815],0.18150000000000005,0.5837021276595744,0.23759184621177776,1.002793973871352
0.06937230.9306277,26.0,1.0,0.36540638936010766,0.9419384603161409,0.9972479638055346,0.99373245423237,0.9938679135217083,0.9939169670672973,0.993946954805493,0.8971510147298073,6.280057103108651,[ 6.2801 -0.1815],0.18150000000000005,0.5448297872340425,0.24073449910820133,0.967064286342244
0.06937230.9306277,27.0,1.0,0.4698125906930312,0.924074169644438,0.9287381952293746,0.9269953922659504,0.9259960597452825,0.9254829995966521,0.9252308038348084,0.8609043158585052,6.026330211009537,[ 6.0263 -0.1674],0.16738230633529533,0.44178723404255316,0.1902215272384563,0.7993910676163049
0.06937230.9306277,28.0,1.0,0.5919413893622659,0.9573370035009118,0.9399830201299276,0.9392261097922777,0.9389943116186414,0.9389092119197808,0.9604537352167257,0.8952635402200759,6.266844781540532,[ 6.2668 -0.1513],0.15133872991379793,0.4053829787234043,0.18469627347154763,0.7414179821087499
0.06937230.9306277,29.0,1.0,0.7060329002784632,0.9503074380920769,0.9456819678145717,0.947579590041536,0.9484448938144366,0.9488510190678581,0.9491420121542161,0.9137199744661656,6.396039821263159,[ 6.396 -0.137],0.1370367912961249,0.38872340425531915,0.1911011913178486,0.7168613868692927
0.06937230.9306277,30.0,1.0,0.8229924953617421,0.9108466178819451,0.9104180893815234,0.9149782912926905,0.9171939446832614,0.9183915859747089,0.9189158388675089,0.9019624090633399,6.3137368634433795,[ 6.3137 -0.124 ],0.12397043679687964,0.3665106382978723,0.1936945077211332,0.6841755828158851
0.31271540.6872846,15.0,1.0,2.237903988321599e-06,0.0052388741719085734,0.7450020460177081,0.9295812147313304,0.9241040428436629,0.9223464909883232,0.9215015883573591,0.6353966421448972,4.44777649501428,[ 4.4478 -0.3055],0.3054521644870073,1.1347021276595741,0.3505617913007002,1.7907160834472815
0.31271540.6872846,16.0,1.0,1.0395363854977136e-05,0.023168271177109154,0.8508457662784354,0.9526025803100734,0.9169669982578754,0.915266582098235,0.9482589274530879,0.6581599315626673,4.607119520938671,[ 4.6071 -0.279 ],0.2789682095151633,1.0767021276595743,0.34189345216902245,1.69756378934376
0.31271540.6872846,17.0,1.0,4.355863550022849e-05,0.06011427465438737,0.9546619361205382,0.9043142551267667,0.9456100204779527,0.9446139288127313,0.9444348925805179,0.6791132666297707,4.753792866408395,[ 4.7538 -0.2503],0.2502550654769793,1.0088297872340424,0.3265576822865343,1.585642534997556
0.31271540.6872846,18.0,1.0,0.0001646437183356943,0.1435078357176379,0.9865074373599895,0.9398301087000752,0.9367091589438056,0.9357133512216963,0.9355694240274638,0.6968574228127149,4.878001959689004,[ 4.878  -0.2249],0.224873726039716,0.9508297872340425,0.3145954763564559,1.4902989896302143
0.31271540.6872846,19.0,1.0,0.000534671036464534,0.26221912186673785,0.9223657954513953,0.9321710688767202,0.9268437636820686,0.9240314494771398,0.9225457282210694,0.6986730855159422,4.890711598611595,[ 4.8907 -0.1971],0.1970994840313583,0.9218297872340424,0.3125177297975171,1.4314470010629177
0.31271540.6872846,20.0,1.0,8.603748336661591e-06,0.07932546559811764,0.8565649968254324,0.9926287722480762,0.9909500295218088,0.9896895025483631,0.9889993814469935,0.6997381074195897,4.898166751937128,[ 4.8982 -0.4136],0.4135773476109637,0.768191489361702,0.3200274626695939,1.5017962996422596
0.31271540.6872846,21.0,1.0,0.00019280228347737797,0.14511410732532595,0.8836474700800265,1.0,1.0,1.0,1.0,0.7184220542412615,5.02895437968883,[ 5.029  -0.3971],0.3970815347784251,0.746595744680851,0.3304554235570909,1.474132703016367
0.31271540.6872846,22.0,1.0,0.0005053524441731465,0.21131801443503562,0.8419174287376153,1.0,1.0,1.0,1.0,0.7219629708024035,5.053740795616824,[ 5.0537 -0.377 ],0.37698213110203826,0.7145106382978722,0.3305629039942182,1.4220556733941287
0.31271540.6872846,23.0,1.0,0.0012879751002961137,0.3232967663578772,0.6997387834093354,0.4134064186552312,0.359432485880685,1.43772994352274,[-3.5623 -5.542 ],0.5420206810875141,0.41463829787234036,0.2315588975487316,1.188217876508586,,,
0.31271540.6872846,24.0,1.0,0.03985898520291995,0.6118514631893611,0.9059722602048349,0.9408736552849167,0.9717993330701753,0.9953337584846135,0.9959353450811588,0.7802321143597115,5.46162480051798,[ 5.4616 -0.1815],0.18150000000000005,0.7533829787234043,0.2960768904798436,1.230959869203248
0.31271540.6872846,25.0,1.0,0.2862952171009562,0.8958694541084634,0.977900426213793,0.9212624241604246,0.920540406085588,0.9201754648857372,0.9205268444355461,0.834652890998644,5.842570236990508,[ 5.8426 -0.2116],0.21156083986224544,0.6750212765957447,0.3017911243279955,1.1883732407859857
0.31271540.6872846,26.0,1.0,0.37193285732420805,0.9927302518265977,0.9333968172047835,0.9205250807471025,0.9337086545878993,0.8934138076958232,0.934266287803807,0.8542819653128887,5.979973757190221,[ 5.98  -0.269],0.2689950896516527,0.5479148936170212,0.3005417579881335,1.1174517412568075
0.31271540.6872846,27.0,1.0,0.44699436751548527,0.978647101025745,0.8183413994988024,1.0,0.8696446132886555,0.9871026803282806,0.8974318096216994,0.8568802816112384,5.998161971278669,[ 5.9982 -0.2524],0.25236543620310486,0.5059574468085105,0.2909037137213389,1.0492265967329542
0.31271540.6872846,28.0,1.0,0.5942144606674113,0.9325432959300006,0.9867711643290152,0.8792382976728305,0.9347252361016416,0.9737713831225036,0.8760876531036507,0.8824787844181504,6.177351490927053,[ 6.1774 -0.1753],0.17527632156301928,0.5010212765957447,0.2425886238915594,0.9188862220503234
0.31271540.6872846,29.0,1.0,0.7058748745551146,0.9379115970244092,0.8499791835853641,0.9762466604163155,0.9745242384779852,0.9721923504435231,0.976245117230869,0.9132820031047972,6.392974021733581,[ 6.393  -0.1388],0.13879000537445194,0.38563829787234033,0.19050497141239608,0.7149332746591883
0.31271540.6872846,30.0,1.0,0.5949700737738504,0.904468932519495,0.9402034900753875,0.809356579654328,0.49931963500244414,0.9267767600866508,0.924229503567555,0.7999035678113874,5.599324974679711,[ 5.5993 -0.1265],0.1265154071705756,0.31899999999999995,0.1685157882209274,0.614031195391503
0.01.0,15.0,1.0,2.237903988321599e-06,0.0023807386614834464,0.06251360628820314,0.7022168484648967,0.9475872418077771,0.9302110436098856,0.92534318111582,0.5100364139788649,3.5702548978520543,[ 3.5703 -0.1411],0.14113514451241124,1.2797021276595744,0.4098957546947942,1.8307330268667799
0.01.0,16.0,1.0,1.0395363854977136e-05,0.005275424509419385,0.3996281712247169,0.5385132735408452,0.9300189914118231,0.9173293998778013,0.9150156985789419,0.5293987649296289,3.7057913545074026,[ 3.7058 -0.209 ],0.20898870014558235,1.1384042553191487,0.37341571286850667,1.7208086683332378
0.01.0,17.0,1.0,4.355863550022849e-05,0.005980111001487919,0.3534252782045838,0.40212706918702906,0.9305467411364242,0.9044241036478341,0.9018687612097231,0.4997736604317975,3.4984156230225825,[ 3.4984 -0.1738],0.1737847941287416,1.0692978723404254,0.3528811572637869,1.5959638237329539
0.01.0,18.0,1.0,0.0001646437183356943,0.013723294685201877,0.7007041944994924,0.8607873448956506,0.8942309369344421,0.8877240492497063,0.8846208048873923,0.6059936098386031,4.241955268870221,[ 4.242  -0.1339],0.1338624371523094,1.0112978723404256,0.3308976658489542,1.4760579753416891
0.01.0,19.0,1.0,0.0005613741257640244,0.2731474361272997,0.9786021880053094,0.928849042444096,0.9250264691942016,0.9230511069045155,0.9221190327756024,0.7073366642252555,4.9513566495767884,[ 4.9514 -0.1989],0.19886269609645785,0.8946808510638296,0.3017567328898154,1.3953002800501029
0.01.0,20.0,1.0,0.0017266167308869357,0.37462369365090675,1.0,0.9608539207894197,0.989749821544821,0.9889784271942963,0.988580034955312,0.7577875021236632,5.3045125148656425,[ 5.3045 -0.1753],0.17525860468138588,0.872468085106383,0.30195097127245396,1.3496776610602228
0.01.0,21.0,1.0,0.004440454465677583,0.5305747564212346,0.9935403104754653,0.9837010202287382,0.982149184166855,0.9814802209971,0.9811632167739134,0.7795784519327119,5.457049163528984,[ 5.457  -0.1552],0.15520076637085375,0.8089148936170212,0.2867175855933216,1.2508332455811966
0.01.0,22.0,1.0,0.01055972006389818,0.7983715429430025,1.0,1.0,1.0,1.0,1.0,0.8298473232867002,5.808931263006901,[ 5.8089 -0.2576],0.257565319967838,0.7472127659574469,0.271235983825611,1.2760140697508957
0.01.0,23.0,1.0,0.06375155621103114,0.8878620365568062,1.0,0.9926095538182406,0.9915241453574702,0.9909762448106015,0.9907483831149747,0.8453531314098749,5.917471919869124,[ 5.9175 -0.2423],0.24225209083509666,0.6700851063829786,0.2539814306003681,1.1663186278184434
0.01.0,24.0,1.0,0.09726302417771994,0.9816118087885731,0.9825494440187498,1.0,1.0,1.0,1.0,0.8659177538550062,6.0614242769850435,[ 6.0614 -0.1815],0.18150000000000005,0.6336808510638299,0.2470000980981976,1.0621809491620275
0.01.0,25.0,1.0,0.06908863059580063,0.14111685473415608,0.9985006130331644,0.9910156725416911,0.9909399126693176,0.9909825708599531,0.9909882400788661,0.7389474992161356,5.172632494512949,[5.1726 0.    ],0.0,0.6367659574468084,0.2373839705398265,0.8741499279866349
0.01.0,26.0,1.0,0.1283630421945987,0.28648030334359526,0.9363806146900776,0.9983689431190833,0.9928313746600576,0.9928288263658508,0.9927635456815441,0.7611452357221155,5.328016650054808,[5.328 0.   ],0.0,0.6275106382978723,0.251706118519571,0.8792167568174434
0.01.0,27.0,1.0,0.1788610715751054,0.9893883255826167,0.9845726205277983,0.9856248514186405,0.9861209775812683,0.9863298317277065,0.9864394606039665,0.8710481627167289,6.097337139017102,[6.0973 0.    ],0.0,0.5596382978723404,0.23330933181263053,0.7929476296849709
0.01.0,28.0,1.0,0.5318831138191045,0.9661021246686158,0.9669784270426064,0.9656072433547347,0.9673153911715687,0.968174886520712,0.9685823838732457,0.9049490814929412,6.334643570450588,[ 6.3346 -0.1532],0.15315450731769703,0.4516595744680851,0.21020219346611366,0.8150162752518958
0.01.0,29.0,1.0,0.7181742403114805,0.9795245701512884,0.8630296765659857,0.947037912794462,0.9477825841277356,0.9381469679330281,0.938618080893396,0.904616290396768,6.332314032777377,[ 6.3323 -0.1376],0.13759213063167505,0.38008510638297877,0.18289087508694105,0.7005681121015949
0.01.0,30.0,1.0,0.8229924953617421,0.9132168662292058,0.8935249188274016,0.8935258396572703,0.9143606191127625,0.8935302362364959,0.9149344329093766,0.8922979154763221,6.246085408334254,[ 6.2461 -0.124 ],0.12397043679687964,0.321468085106383,0.15824707167191268,0.6036855935751753
