Weights,Ambient Temperature,Electricity Tariff,IQB 1,IQB 2,IQB 3,IQB 4,IQB 5,IQB 6,IQB 7,Average IQB,Total IQB,Total Reward,Total Electric Cost,Total Gas Cost,Total Water Cost,Total Bath Cost
"0.24955674,0.7504433,0.0,0.0",15.0,1.0,7.760265660639567e-05,0.09278524041909464,0.45410867046299686,0.9653702410389858,0.9264466095289354,0.9245355292463078,0.9224036954112848,0.6122467983948875,4.285727588764212,[ 4.2857 -0.4841 -0.3858 -1.1532],0.4840575887740482,1.1532127659574467,0.385802058828529,2.023072413560024
"0.24955674,0.7504433,0.0,0.0",16.0,1.0,0.0002807571176578132,0.18918572930280783,0.9310347662465209,0.9675344614987501,0.9497766644550405,0.9490448715997468,0.9486729969438831,0.7050757495949153,4.935530247164407,[ 4.9355 -0.4355 -0.351  -1.0681],0.43552508656690475,1.0680638297872338,0.35098571378152044,1.854574630135659
"0.24955674,0.7504433,0.0,0.0",17.0,1.0,0.0009162651460965926,0.2966280119256368,0.9588078225507397,0.9735656902906598,0.972093560046454,0.9715796125035363,0.9712809541766172,0.7349817023771056,5.144871916639739,[ 5.1449 -0.3907 -0.3388 -1.0224],0.3907342668814093,1.0224042553191488,0.33880313905553006,1.751941661256088
"0.24955674,0.7504433,0.0,0.0",18.0,1.0,0.0026974149709609965,0.45008572006027103,0.9803993822869314,0.9912010133257363,0.9896827560273703,0.9890853584220146,0.9887823800513589,0.7702762893063777,5.391934025144644,[ 5.3919 -0.3561 -0.3331 -0.9848],0.3560753346882852,0.9847659574468085,0.3331209759832289,1.6739622681183226
"0.24955674,0.7504433,0.0,0.0",19.0,1.0,0.007116544318951297,0.4152057620289955,0.9962564207672763,1.0,1.0,1.0,1.0,0.7740826753021748,5.418578727115223,[ 5.4186 -0.3378 -0.3377 -0.9434],0.3377719203298104,0.9434255319148935,0.3377287998401224,1.6189262520848264
"0.24955674,0.7504433,0.0,0.0",20.0,1.0,0.007569417009251124,0.38736119647246864,0.9927550369577097,1.0,1.0,1.0,1.0,0.7696693786342043,5.38768565043943,[ 5.3877 -0.3158 -0.3357 -0.8947],0.31577114734654554,0.8946808510638299,0.3356735816631585,1.546125580073534
"0.24955674,0.7504433,0.0,0.0",21.0,1.0,0.0024363634690374924,0.46228556149776456,1.0,1.0,1.0,1.0,1.0,0.7806745607095431,5.464721924966802,[ 5.4647 -0.2757 -0.3269 -0.8515],0.2756917768263824,0.8514893617021276,0.3269117190771915,1.4540928576057015
"0.24955674,0.7504433,0.0,0.0",22.0,1.0,0.001488978363329282,0.5178325338422451,0.9977205238129335,0.999471130421265,1.0,1.0,1.0,0.7880733094913961,5.516513166439773,[ 5.5165 -0.2444 -0.3246 -0.8058],0.2444005716758858,0.8058297872340426,0.3245642156344897,1.3747945745444181
"0.24955674,0.7504433,0.0,0.0",23.0,1.0,0.0009582161247202659,0.5650653636648499,1.0,0.9874932665654553,0.989033456473471,0.9898198432015008,0.9902233545327539,0.7889419286518216,5.522593500562751,[ 5.5226 -0.2203 -0.3162 -0.7528],0.22031840932062283,0.7527659574468084,0.3162461689265623,1.2893305356939937
"0.24955674,0.7504433,0.0,0.0",24.0,1.0,0.0007302905143705619,0.6000237404148969,1.0,1.0,1.0,1.0,1.0,0.8001077187041811,5.600754030929267,[ 5.6008 -0.2017 -0.295  -0.6701],0.2016932739144061,0.6700851063829787,0.2950069003494533,1.1667852806468382
"0.24955674,0.7504433,0.0,0.0",25.0,1.0,0.20645994363743453,0.9360042167106125,1.0,1.0,1.0,1.0,1.0,0.877494880049721,6.142464160348047,[ 6.1425 -0.1815 -0.2442 -0.6004],0.18150000000000005,0.6003617021276595,0.2442085591295399,1.0260702612571995
"0.24955674,0.7504433,0.0,0.0",26.0,1.0,0.31948245726640206,0.9687592472864229,0.9937883982227942,0.9938515258647536,0.9939237704340278,0.9939422768072238,0.9939559464551121,0.8939576603338194,6.257703622336736,[ 6.2577 -0.1812 -0.226  -0.5263],0.18121543319843134,0.5263191489361702,0.2259907222695805,0.933525304404182
"0.24955674,0.7504433,0.0,0.0",27.0,1.0,0.4594373129710212,0.9834884545604429,0.9783929996081911,0.9786373590402774,0.9787320046220133,0.9787640948610136,0.9787829697198616,0.9051764564832601,6.33623519538282,[ 6.3362 -0.1654 -0.2077 -0.4659],0.16536172664150925,0.46585106382978714,0.20766396975687104,0.8388767602281675
"0.24955674,0.7504433,0.0,0.0",28.0,1.0,0.5919413893616919,0.9618687384244246,0.9597382420645726,0.9696295638885962,0.9698618564016401,0.9698089292484228,0.9698392306382526,0.9132411357182287,6.392687950027601,[ 6.3927 -0.1513 -0.2013 -0.4251],0.15133872991379793,0.4251276595744681,0.20128688975517106,0.7777532792434371
"0.24955674,0.7504433,0.0,0.0",29.0,1.0,0.6869926151879229,0.9441744461942678,0.946794089567865,0.9485084795308136,0.9493300041707263,0.9497523919065817,0.9495140128559894,0.9107237199163095,6.3750660394141665,[ 6.3751 -0.1365 -0.1978 -0.3912],0.1365448836211126,0.3911914893617021,0.19784203873610332,0.725578411718918
"0.24955674,0.7504433,0.0,0.0",30.0,1.0,0.6982708939947251,0.9316783761485665,0.9125801892878848,0.9160791520960483,0.9178217705317939,0.9186413818642776,0.9191265537236342,0.8877426168067044,6.214198317646931,[ 6.2142 -0.1225 -0.1943 -0.3603],0.12252941500496521,0.3603404255319148,0.19425008795620968,0.6771199284930898
"0.0,0.33670142,0.66329855,0.0",15.0,1.0,8.969500313471093e-07,0.00517258677925284,0.259042440504094,0.5577992901148964,0.375463356134072,0.6433967740476898,0.36787923930905947,0.3155363691198708,2.2087545838390956,[ 2.2088 -0.2267 -0.3239 -1.0162],0.22672292512308231,1.0162340425531913,0.32393053889766765,1.5668875065739412
"0.0,0.33670142,0.66329855,0.0",16.0,1.0,4.023331035457414e-08,0.01068311139263657,0.4405207741079733,0.06328610328981268,0.49372750668341436,0.5023744481258567,0.5001549264668521,0.28724955861426515,2.010746910299856,[ 2.0107 -0.18   -0.3146 -0.999 ],0.18001770506960352,0.9989574468085105,0.3146226618721006,1.4935978137502146
"0.0,0.33670142,0.66329855,0.0",17.0,1.0,3.386247543636438e-12,0.002618861978373075,0.44092717180639995,0.13153351581275768,0.6625921542173031,0.36787927438187645,0.7267433703804461,0.33318490694007746,2.3322943485805423,[ 2.3323 -0.176  -0.2796 -0.8817],0.17598611404728237,0.8817234042553189,0.2795561233581969,1.3372656416607982
"0.0,0.33670142,0.66329855,0.0",18.0,1.0,6.710986601297849e-06,0.16077264031302052,0.6095362860575331,0.3157467536538573,0.8065359836066983,0.36787931039480903,0.7810903653914009,0.43450972148627437,3.0415680504039204,[ 3.0416 -0.2222 -0.2477 -0.7861],0.22222523995150953,0.7860851063829787,0.24769604877197365,1.256006395106462
"0.0,0.33670142,0.66329855,0.0",19.0,1.0,0.00019523142613711713,0.28348741596931426,0.5393145565679955,0.6003589762782343,0.3997164933418478,0.7763884555392492,0.3678793201724697,0.4239057784707497,2.9673404492952478,[ 2.9673 -0.1977 -0.2416 -0.7528],0.19772475238179538,0.7527659574468084,0.24162229255955037,1.192113002388154
"0.0,0.33670142,0.66329855,0.0",20.0,1.0,0.0008865047729189615,0.40397262027500896,0.6256844317838084,0.327264104104976,0.8289251437827577,0.36787934096769936,0.775068364886966,0.4756686443677336,3.329680510574135,[ 3.3297 -0.1737 -0.2356 -0.7083],0.1736707371044695,0.7083404255319147,0.23556230574402776,1.117573468380412
"0.0,0.33670142,0.66329855,0.0",21.0,1.0,0.00020855946158122602,0.2965287845451116,0.673212588354753,0.24989485110323303,0.7915332249381016,0.367879348881996,0.6645741946930064,0.43483307885396894,3.0438315519777825,[ 3.0438 -0.1815 -0.2338 -0.6368],0.18150000000000005,0.6367659574468084,0.2337818911144716,1.05204784856128
"0.0,0.33670142,0.66329855,0.0",22.0,1.0,0.003463789006431526,0.9676999032572251,0.367879384914754,0.7507531591843296,0.2292622761000916,0.8359479395298214,0.3678793668972481,0.5032694026985574,3.5228858188899013,[ 3.5229 -0.2556 -0.1552 -0.5053],0.2555785402319497,0.5053404255319147,0.15515707572912202,0.9160760414929865
"0.0,0.33670142,0.66329855,0.0",23.0,1.0,0.010691289299095477,0.978444695227022,0.3678793956825578,0.810133677364343,0.3678793738370845,0.799164112344556,0.36787937232073903,0.5288674165821997,3.7020719160753983,[ 3.7021 -0.2366 -0.1421 -0.4591],0.23659062354646554,0.4590638297872339,0.14205206693273037,0.8377065202664298
"0.0,0.33670142,0.66329855,0.0",24.0,1.0,0.021535855898585032,0.9016110511012712,0.3678793925542993,0.8723728602106755,0.36787939275997733,0.8558533073805995,0.367879390346387,0.5364301786073992,3.7550112502517945,[ 3.755  -0.1815 -0.1369 -0.4467],0.18150000000000005,0.4467234042553191,0.13694385872901982,0.765167262984339
"0.0,0.33670142,0.66329855,0.0",25.0,1.0,0.1873181335260384,0.9938860362621327,0.3678794198336187,0.91063226296165,0.367879407743779,0.9055302478405406,0.3678794069210687,0.5858578450126897,4.1010049150888275,[ 4.101  -0.1815 -0.145  -0.4239],0.18150000000000005,0.4238936170212766,0.14504801899560946,0.7504416360168861
"0.0,0.33670142,0.66329855,0.0",26.0,1.0,0.3555190119773982,0.9936052165753094,0.36787943290240005,0.9475910621076207,0.36787942250510686,0.9435733356782949,0.3678794216959941,0.6205609862060176,4.3439269034421235,[ 4.3439 -0.1815 -0.1491 -0.3967],0.18150000000000005,0.39674468085106374,0.14911697450209335,0.7273616553531571
"0.0,0.33670142,0.66329855,0.0",27.0,1.0,0.19676495309503447,0.9816282967996462,0.36787942983864685,0.8874741116844477,0.36787942287696107,0.8775868885760312,0.36787942149973807,0.5781560749100721,4.047092524370505,[ 4.0471  0.     -0.1502 -0.4264],0.0,0.4263617021276594,0.15018762712434944,0.5765493292520089
"0.0,0.33670142,0.66329855,0.0",28.0,1.0,0.3144623661306448,1.0,0.367879448781162,0.7576336802747454,0.44391598634692075,0.8802539519209196,0.3678706037462277,0.5902880053143743,4.1320160372006205,[ 4.132   0.     -0.1527 -0.3955],0.0,0.39551063829787225,0.15265472116469736,0.5481653594625696
"0.0,0.33670142,0.66329855,0.0",29.0,1.0,0.4186759479294257,0.9581656264197703,0.3678794495197406,0.6818843777926246,0.5896460541500916,0.551291267494027,0.8402549609977022,0.6296853834719117,4.407797684303382,[ 4.4078  0.     -0.1509 -0.3782],0.0,0.37823404255319143,0.15090612228931793,0.5291401648425094
"0.0,0.33670142,0.66329855,0.0",30.0,1.0,0.5330448141370632,0.7606734686990788,0.5079966971415808,0.8510761810302733,0.36787944633236647,0.767098284183165,0.5554651850073359,0.6204620109329805,4.343234076530863,[ 4.3432  0.     -0.1337 -0.3239],0.0,0.3239361702127659,0.1336991133091093,0.4576352835218752
"0.09415674,0.0,0.90584326,0.0",15.0,1.0,1.1648478567418008e-06,0.028222582356223255,0.5494898743236732,0.8520054713388704,0.740367407820055,0.7382611581739092,0.7366366629009014,0.520712045965927,3.6449843217614895,[ 3.645  -0.5236 -0.3529 -0.9953],0.5236389479359423,0.995255319148936,0.3529296220032648,1.871823889088143
"0.09415674,0.0,0.90584326,0.0",16.0,1.0,0.00025905504405408303,0.15327120079333031,0.9234627547440293,0.7901718133737079,0.790038136239309,0.7890570812499709,0.7886450904905217,0.6049864474192747,4.234905131934923,[ 4.2349 -0.4093 -0.3055 -0.9601],0.40928469766797737,0.9600851063829786,0.30545764711665374,1.6748274511676096
"0.09415674,0.0,0.90584326,0.0",17.0,1.0,0.0008248593606763021,0.2791523943456848,0.9872055362424181,0.7653982169211364,0.8403923520520317,0.8383545330465105,0.8375088301783447,0.6498338174495432,4.5488367221468025,[ 4.5488 -0.3786 -0.3007 -0.9268],0.37863253259886714,0.9267659574468083,0.30069671362626704,1.6060952036719425
"0.09415674,0.0,0.90584326,0.0",18.0,1.0,0.0023077415102639026,0.3540739851909356,0.9917378690038519,0.818392395089472,0.8842241952520532,0.8132102687900914,0.881784911707473,0.6779616237920202,4.745731366544141,[ 4.7457 -0.3538 -0.2884 -0.8725],0.3538452284326956,0.8724680851063829,0.28839722725926153,1.5147105407983399
"0.09415674,0.0,0.90584326,0.0",19.0,1.0,0.005226123551865211,0.3351126445098997,1.0,0.8681003516305442,0.863960794959109,0.8617975980313378,0.8607483763648103,0.684992269863938,4.7949458890475665,[ 4.7949 -0.3216 -0.2819 -0.8237],0.3215970845433923,0.8237234042553191,0.28193279998356774,1.427253288782279
"0.09415674,0.0,0.90584326,0.0",20.0,1.0,0.0076346627738243,0.32901832824010524,1.0,0.8443454382207777,0.9058733607576924,0.9042570521349457,0.9035850423037356,0.6992448406330115,4.894713884431081,[ 4.8947 -0.2988 -0.2835 -0.7861],0.29879763262153125,0.7860851063829786,0.283495534906831,1.368378273911341
"0.09415674,0.0,0.90584326,0.0",21.0,1.0,0.00013945559136142828,0.09198816703469274,0.9567592754790225,0.8828813957651067,0.8814221503132664,0.8817040635261825,0.8818081487029288,0.6538146652017944,4.576702656412561,[ 4.5767 -0.363  -0.2797 -0.6522],0.3630000000000001,0.652191489361702,0.27970909472818334,1.2949005840898853
"0.09415674,0.0,0.90584326,0.0",22.0,1.0,2.3410532804421504e-05,0.123559393616846,1.0,0.9221166543884614,0.9220968999868251,0.9222149792401363,0.9223870600297129,0.6874854853992552,4.812398397794786,[ 4.8124 -0.363  -0.2673 -0.6047],0.3630000000000001,0.6046808510638297,0.26726558107873194,1.2349464321425618
"0.09415674,0.0,0.90584326,0.0",23.0,1.0,0.014967421802816289,0.9830215486688795,0.9577230852202937,0.9559483304007877,0.9553113848774846,0.9549249520483342,0.9548474916939178,0.8252491735303591,5.776744214712513,[ 5.7767 -0.2355 -0.2219 -0.6158],0.23552830541844616,0.6157872340425531,0.22193694432662459,1.0732524837876238
"0.09415674,0.0,0.90584326,0.0",24.0,1.0,0.060773992099142304,1.0,0.9797201538298441,0.9786743417454171,0.9782728079691825,0.9779597224692078,0.9779001915502873,0.8504716013804403,5.953301209663082,[ 5.9533 -0.217  -0.2234 -0.5868],0.2169971731020896,0.5867872340425531,0.2233603287064544,1.0271447358510972
"0.09415674,0.0,0.90584326,0.0",25.0,1.0,0.17625855475398042,1.0,0.9634813395372205,0.9909722750474418,0.9910896971931263,0.9910354111963406,0.9910331439997263,0.8719814888182623,6.103870421727836,[ 6.1039 -0.1815 -0.2242 -0.5633],0.18150000000000005,0.5633404255319148,0.2242487071619028,0.9690891326938176
"0.09415674,0.0,0.90584326,0.0",26.0,1.0,0.29794451468842187,0.9850881417695654,0.9715086650192498,0.9766488170853251,0.9764145240170814,0.9762896069443996,0.9762383419405608,0.8800189444949433,6.160132611464603,[ 6.1601 -0.1804 -0.2127 -0.5078],0.18038769891615514,0.5078085106382978,0.2127445606071574,0.9009407701616103
"0.09415674,0.0,0.90584326,0.0",27.0,1.0,0.23477407569990316,0.9686139390428113,0.9748144132592903,0.9786146927319516,0.9786785852537748,0.9787499249671944,0.9787734781657295,0.8704313013029507,6.093019109120655,[ 6.093  -0.1696 -0.1976 -0.456 ],0.1696111507196642,0.4559787234042552,0.19759262356372537,0.8231824976876447
"0.09415674,0.0,0.90584326,0.0",28.0,1.0,0.23152006303331865,0.9584257037263948,0.9609331091986032,0.9600697414249384,0.9602130634513263,0.9602538856213503,0.9602884854766423,0.8559577217046535,5.991704051932574,[ 5.9917 -0.1569 -0.1777 -0.3998],0.15689235023741316,0.39982978723404256,0.17771985578930502,0.7344419932607608
"0.09415674,0.0,0.90584326,0.0",29.0,1.0,0.44823481031402584,0.9292731544449446,0.9397903361529167,0.9490620396746952,0.9383272977861133,0.9496778177446882,0.9493306412506318,0.871956585338288,6.103696097368016,[ 6.1037 -0.1413 -0.1724 -0.364 ],0.14125834703307422,0.36404255319148937,0.17244341829080626,0.6777443185153699
"0.09415674,0.0,0.90584326,0.0",30.0,1.0,0.7911044375299294,0.9025317959613334,0.925226665094806,0.9278574440215813,0.9311937646027844,0.9220251993159487,0.8614867183510976,0.8944894321253544,6.261426024877481,[ 6.2614 -0.1255 -0.1792 -0.3517],0.12549313551599753,0.3517021276595744,0.17921311605521154,0.6564083792307834
"0.0,0.9081298,0.0,0.09187022",15.0,1.0,2.0995640621767085e-06,0.004698390110253039,0.07716172116151958,0.5868920256219171,0.12371138874008088,0.2231758772054681,0.247407354649802,0.18043555100758615,1.263048857053103,[ 1.263  -0.1458 -0.3803 -1.1637],0.1457987797486578,1.1637021276595743,0.38034769114722816,1.68984859855546
"0.0,0.9081298,0.0,0.09187022",16.0,1.0,9.259638958922807e-06,0.0006280803624938314,0.006318104465486264,0.10502465457003533,0.6237018695109501,0.3575135025082184,0.3073952320110974,0.20008438615246288,1.4005907030672402,[ 1.4006 -0.1265 -0.4464 -1.2106],0.12650421854954735,1.2105957446808508,0.4463785254893656,1.7834784887197637
"0.0,0.9081298,0.0,0.09187022",17.0,1.0,2.844676241586676e-05,0.002414762807731951,0.06546818085308208,0.5773124353824536,0.49756589268878537,0.4710085370163732,0.4626208860191278,0.29663130593285286,2.07641914152997,[ 2.0764 -0.1339 -0.3896 -1.0897],0.13393020850525605,1.0896595744680848,0.3896406971703887,1.6132304801437296
"0.0,0.9081298,0.0,0.09187022",18.0,1.0,4.424907775505502e-05,0.01597172794702559,0.07402831656416921,0.5561884883833158,0.5587302915257788,0.6402254448595304,0.6332921304018965,0.3540686641084959,2.4784806487594713,[ 2.4785 -0.1431 -0.3951 -1.0613],0.14308602277059493,1.0612765957446806,0.3951112179928337,1.5994738365081094
"0.0,0.9081298,0.0,0.09187022",19.0,1.0,9.253997587902e-06,0.01688693659779826,0.07813706317063718,0.40609092776413963,0.9573774139060435,0.6034122698258114,0.6908390382377628,0.39325041478568296,2.752752903499781,[ 2.7528  0.     -0.3986 -1.0668],0.0,1.0668297872340422,0.3986048234303432,1.4654346106643854
"0.0,0.9081298,0.0,0.09187022",20.0,1.0,1.8990662089656422e-10,0.007621728940841003,0.03370313146257259,0.2807814443815293,0.941246163660271,0.9877984053137033,0.8388883581456085,0.4414341760134904,3.0900392320944325,[ 3.09    0.     -0.4131 -1.0107],0.0,1.0106808510638299,0.4131083104735991,1.423789161537429
"0.0,0.9081298,0.0,0.09187022",21.0,1.0,0.0035836168385086917,0.25021811317983284,0.8995810543244591,0.9830591568267905,1.0,1.0,1.0,0.7337774201670845,5.136441941169592,[ 5.1364  0.     -0.3294 -0.9447],0.0,0.9446595744680851,0.32940579428875594,1.274065368756841
"0.0,0.9081298,0.0,0.09187022",22.0,1.0,0.011289094660725129,0.3768849163490249,1.0,1.0,1.0,1.0,1.0,0.7697391444299643,5.38817401100975,[ 5.3882  0.     -0.3215 -0.8891],0.0,0.8891276595744679,0.32154757731051564,1.2106752368849836
"0.0,0.9081298,0.0,0.09187022",23.0,1.0,0.02490494027221135,0.5198194106411108,1.0,1.0,1.0,1.0,1.0,0.7921034787019031,5.544724350913322,[ 5.5447  0.     -0.3139 -0.8379],0.0,0.8379148936170212,0.31390250453871454,1.1518173981557358
"0.0,0.9081298,0.0,0.09187022",24.0,1.0,0.05022939178718633,0.6258871002457165,1.0,1.0,1.0,1.0,1.0,0.810873784576129,5.676116492032903,[ 5.6761  0.     -0.3041 -0.7855],0.0,0.7854680851063829,0.30412182124852316,1.089589906354906
"0.0,0.9081298,0.0,0.09187022",25.0,1.0,0.03353978744251382,0.46325771763743373,0.98850890817191,1.0,1.0,1.0,1.0,0.7836152018931225,5.485306413251857,[ 5.4853  0.     -0.3083 -0.7188],0.0,0.7188297872340423,0.30830427943424366,1.027134066668286
"0.0,0.9081298,0.0,0.09187022",26.0,1.0,0.1521916280671493,0.769503774451491,0.9703064593807841,0.9900521309394783,0.9915265633593873,0.99219055859276,0.9925138677357929,0.8368978546466919,5.858284982526843,[ 5.8583  0.     -0.2769 -0.6627],0.0,0.6626808510638297,0.2768574638112403,0.93953831487507
"0.0,0.9081298,0.0,0.09187022",27.0,1.0,0.21425135262903305,0.8319070308257546,0.9794809623791438,0.9814087266693345,0.9824184524269225,0.9828989344126363,0.9831313594585142,0.8507852598287627,5.955496818801339,[ 5.9555  0.     -0.2534 -0.5893],0.0,0.589255319148936,0.25344195011758125,0.8426972692665173
"0.0,0.9081298,0.0,0.09187022",28.0,1.0,0.30816273551025425,0.8781295748947369,0.9587415679106316,0.9686863907441801,0.9693184070490595,0.9696389641505472,0.9697888616575059,0.8603523574167021,6.022466501916915,[ 6.0225  0.     -0.2246 -0.5109],0.0,0.5108936170212766,0.22462972228200764,0.7355233393032842
"0.0,0.9081298,0.0,0.09187022",29.0,1.0,0.42494619102743614,0.959217456323593,0.8916909072514653,0.9388165882200094,0.9175434572200538,0.9171861499734275,0.9171284355862778,0.8523613122288947,5.966529185602263,[ 5.9665  0.     -0.193  -0.4319],0.0,0.4319148936170212,0.19296991930006957,0.6248848129170907
"0.0,0.9081298,0.0,0.09187022",30.0,1.0,0.5198400389785639,0.9335229984152622,0.8674179655898113,0.8933959003481194,0.8935077165573588,0.8934798581345815,0.8934635847461248,0.8420897232528317,5.894628062769822,[ 5.8946  0.     -0.1771 -0.3795],0.0,0.37946808510638297,0.17713671465012698,0.55660479975651
"0.031702142,0.30184844,0.6664494,0.0",15.0,1.0,1.960352951470855e-06,0.005055868704787996,0.2572648698431866,0.8068006806859275,0.36787926581298597,0.7209932184138871,0.3677015243639999,0.36081391259681805,2.5256973881777265,[ 2.5257 -0.227  -0.3094 -0.9675],0.22697109380878494,0.9674893617021275,0.30944411796840426,1.5039045734793166
"0.031702142,0.30184844,0.6664494,0.0",16.0,1.0,3.165284916347069e-06,0.011620741828098998,0.43027272216023266,0.7071167897460964,0.715030464338375,0.7078756538614996,0.7043424078666082,0.46803742072654675,3.2762619450858272,[ 3.2763 -0.1843 -0.3477 -1.0792],0.184336804579222,1.0791702127659573,0.34769585408000114,1.6112028714251805
"0.031702142,0.30184844,0.6664494,0.0",17.0,1.0,3.7781806051939594e-05,0.33000256761164726,0.8388934659915968,0.36787930114357653,0.8223085281971484,0.3678792982973964,0.8163598657783412,0.5061944012608227,3.5433608088257587,[ 3.5434 -0.3783 -0.2337 -0.7552],0.37827240872033085,0.7552340425531914,0.233678984180958,1.3671854354544801
"0.031702142,0.30184844,0.6664494,0.0",18.0,1.0,5.3881686062553794e-05,0.16118603885917074,0.8526695485681252,0.36787931632961307,0.9242783732380819,0.36787932944102614,0.9205609287881432,0.5135010595586033,3.594507416910223,[ 3.5945 -0.2281 -0.249  -0.7744],0.22812260818148367,0.7743617021276595,0.24903856110509603,1.2515228714142392
"0.031702142,0.30184844,0.6664494,0.0",19.0,1.0,0.00024272960859752517,0.28144679987083776,0.9273996708958913,0.36787934314539683,0.9557971457992441,0.36787934837895975,0.9049183414280688,0.5436519113038566,3.8055633791269963,[ 3.8056 -0.1979 -0.2419 -0.7392],0.19788619506084534,0.739191489361702,0.24190431072782617,1.1789819951503735
"0.031702142,0.30184844,0.6664494,0.0",20.0,1.0,0.0008429153972842422,0.3983979590784345,0.9261879512201487,0.7629491247676169,0.837979299444134,0.8363444080539552,0.8352909919279335,0.6568560928413582,4.597992649889507,[ 4.598  -0.1744 -0.2735 -0.8046],0.17441217475176665,0.804595744680851,0.2734693852888852,1.252477304721503
"0.031702142,0.30184844,0.6664494,0.0",21.0,1.0,0.00013721714108536873,0.22225589678162602,1.0,0.3678283752235368,0.9240452856719288,0.8065981833523864,0.8799721205050764,0.6001195826679485,4.200837078675639,[ 4.2008 -0.2034 -0.2612 -0.6812],0.20342658809350758,0.6811914893617019,0.26118265033580906,1.1458007277910185
"0.031702142,0.30184844,0.6664494,0.0",22.0,1.0,0.0045998436403479025,0.8685927656040289,0.884437621292206,0.8625497529327047,0.8604526753888111,0.8594472491428996,0.8589746994461566,0.742722086778165,5.199054607447155,[ 5.1991 -0.257  -0.2166 -0.6331],0.25701223561876263,0.633063829787234,0.21659986442000734,1.1066759298260038
"0.031702142,0.30184844,0.6664494,0.0",23.0,1.0,0.019416574526388942,0.9810384499395512,0.8507368085992343,0.9046691051457517,0.9036860616029561,0.9029758604447943,0.9027659607893741,0.7807555458640073,5.465288821048051,[ 5.4653 -0.2361 -0.213  -0.5954],0.23609482556612765,0.5954255319148936,0.2129711222279154,1.0444914797089366
"0.031702142,0.30184844,0.6664494,0.0",24.0,1.0,0.03985898520291995,1.0,0.7683276788208702,0.9378404850568756,0.882601456675607,0.8813969228691694,0.8811813335254981,0.7701724088787056,5.3912068621509395,[ 5.3912 -0.2174 -0.2019 -0.5479],0.2173511947541989,0.5479148936170213,0.20185668063013906,0.9671227690013592
"0.031702142,0.30184844,0.6664494,0.0",25.0,1.0,0.20645994363743453,1.0,0.7591988375975344,0.9159629306284822,0.9178500614508611,0.9178387796287802,0.9180070074142802,0.8050453657653389,5.635317560357373,[ 5.6353 -0.1815 -0.2058 -0.5257],0.18150000000000005,0.5257021276595745,0.20576515297690978,0.9129672806364844
"0.031702142,0.30184844,0.6664494,0.0",26.0,1.0,0.3579144286981295,0.985896153798185,0.7624720686088867,0.9421923154005074,0.8998400034131098,0.9439061270520694,0.8997932025213293,0.8274306142131739,5.792014299492217,[ 5.792  -0.1815 -0.2056 -0.485 ],0.18150000000000005,0.48497872340425524,0.2055660076185753,0.8720447310228305
"0.031702142,0.30184844,0.6664494,0.0",27.0,1.0,0.45824758641512225,0.9740306221655773,0.8513375246185908,0.9248048746492221,0.9258253417406389,0.8812363120961996,0.9240688791907434,0.8485073058394421,5.939551140876095,[ 5.9396 -0.1721 -0.2003 -0.4473],0.1720912337038971,0.44734042553191483,0.20034242241911573,0.8197740816549276
"0.031702142,0.30184844,0.6664494,0.0",28.0,1.0,0.49495180075741085,0.9571755744933115,0.8740354145233977,0.9387712486772954,0.9068782429450318,0.9050948781353556,0.904703833273087,0.8545158561149844,5.981610992804891,[ 5.9816 -0.156  -0.1934 -0.4091],0.1560062923145775,0.40908510638297857,0.19342177475440986,0.7585131734519659
"0.031702142,0.30184844,0.6664494,0.0",29.0,1.0,0.4240674409123302,0.961683252026359,0.8266028954566457,0.9158755439036732,0.885908476679091,0.8837052329991951,0.8834447529308018,0.8258982278440138,5.781287594908097,[ 5.7813  0.     -0.186  -0.4196],0.0,0.41957446808510634,0.185973480637204,0.6055479487223103
"0.031702142,0.30184844,0.6664494,0.0",30.0,1.0,0.5330448141370626,0.9171652293287574,0.8349067417498414,0.8929097394568188,0.8640570526733133,0.8931695987875413,0.8636902867369046,0.8284204946957485,5.798943462870239,[ 5.7989  0.     -0.1692 -0.3702],0.0,0.37021276595744684,0.16924116832986433,0.5394539342873111
"0.0,1.0,0.0,0.0",15.0,1.0,2.237903988321599e-06,0.004428482861223071,0.07777302836741035,0.5725922927027017,0.20800985908443761,0.4488098864487805,0.34409939811016194,0.23653074078267194,1.6557151854787036,[ 1.6557 -0.1494 -0.3919 -1.1952],0.14943528032597317,1.1951702127659571,0.39185732005354074,1.736462813145471
"0.0,1.0,0.0,0.0",16.0,1.0,9.259638958922807e-06,0.0009058764551844833,0.045572429236378637,0.5641410568603294,0.32776925051265665,0.5126740088644183,0.4032234172528146,0.264899328402963,1.854295298820741,[ 1.8543 -0.149  -0.3889 -1.1248],0.14897138125975,1.124829787234042,0.3889162102019099,1.662717378695702
"0.0,1.0,0.0,0.0",17.0,1.0,2.6219341595175812e-05,0.0042358462449426015,0.08856984719699898,0.5636968294378867,0.5943406804918262,0.5779040885752642,0.5693177115756775,0.3425844604091702,2.398091222864191,[ 2.3981 -0.1343 -0.3949 -1.1187],0.13427247917121102,1.118659574468085,0.3948568848678767,1.6477889385071727
"0.0,1.0,0.0,0.0",18.0,1.0,1.958904906473033e-05,0.019184290303780643,0.1422046223196623,0.5234770437003404,0.8746932661271747,0.5350954477730074,0.7254169548077243,0.4028701734401078,2.8200912140807546,[ 2.8201  0.     -0.3941 -1.1341],0.0,1.1340851063829787,0.39409560101808144,1.52818070740106
"0.0,1.0,0.0,0.0",19.0,1.0,1.1650979988420365e-09,0.0061759940065752635,0.05898837218971227,0.32402462595029563,0.951999583759872,0.9225484966039315,0.7860087870719873,0.4356779801067817,3.049745860747472,[ 3.0497  0.     -0.4121 -1.0798],0.0,1.079787234042553,0.4121201895677091,1.491907423610262
"0.0,1.0,0.0,0.0",20.0,1.0,3.948168753657692e-11,0.021036341664066035,0.2800371621387235,0.9067971369108266,1.0,0.9890123022047221,0.9885241800086414,0.5979153032809231,4.185407122966462,[ 4.1854  0.     -0.3674 -1.002 ],0.0,1.0020425531914894,0.36740495775227067,1.36944751094376
"0.0,1.0,0.0,0.0",21.0,1.0,0.0038928286315197064,0.246387006020584,0.8924345275955404,1.0,0.9905732494179968,1.0,1.0,0.7333268016665201,5.133287611665641,[ 5.1333  0.     -0.3459 -0.9841],0.0,0.9841489361702125,0.34587309686679424,1.3300220330370067
"0.0,1.0,0.0,0.0",22.0,1.0,0.011030063330559666,0.3749017305282673,0.9381789755951897,1.0,0.9800742245666737,0.9798779085983544,0.9797947242375419,0.7519796609795124,5.263857626856587,[ 5.2639  0.     -0.3444 -0.941 ],0.0,0.9409574468085105,0.3443724191424353,1.2853298659509458
"0.0,1.0,0.0,0.0",23.0,1.0,0.02490494027221135,0.5104833160116268,1.0,0.9638810368426641,0.964027623475329,0.9642307891953905,0.9643260096912847,0.770264816498358,5.391853715488506,[ 5.3919  0.     -0.337  -0.8885],0.0,0.8885106382978722,0.33697826312405926,1.2254889014219315
"0.0,1.0,0.0,0.0",24.0,1.0,0.05106485769268169,0.6086673745729333,0.9391879848617307,0.9419724016991958,0.9432774124214789,0.9439265822809324,0.9442260765012271,0.7674746700043115,5.37232269003018,[ 5.3723  0.     -0.3356 -0.8466],0.0,0.8465531914893616,0.3355603370779545,1.182113528567316
"0.0,1.0,0.0,0.0",25.0,1.0,0.04835445386240081,0.4703951385659173,0.9692867198837921,0.9496714455687983,0.9196743251506448,0.9199219209173266,0.9200689544117975,0.7424818511943824,5.197372958360677,[ 5.1974  0.     -0.3407 -0.7818],0.0,0.7817659574468085,0.34067577681285555,1.122441734259664
"0.0,1.0,0.0,0.0",26.0,1.0,0.14818222940475428,0.7125016496309685,0.9477182789872188,0.9225568093671659,0.9238382171926037,0.9244520937197236,0.9247539831295609,0.7862861802045708,5.504003261431995,[ 5.504   0.     -0.3036 -0.709 ],0.0,0.7089574468085107,0.3036212646025679,1.0125787114110785
"0.0,1.0,0.0,0.0",27.0,1.0,0.22380574961428462,0.8356937922718894,0.9655487764135336,0.9684149933657077,0.969641633838984,0.970238327896841,0.9705483886768026,0.8434130945825775,5.903891662078043,[ 5.9039  0.     -0.2642 -0.6059],0.0,0.6059148936170212,0.2642387556199319,0.870153649236953
"0.0,1.0,0.0,0.0",28.0,1.0,0.3043491462978185,0.8337117510075291,0.966512744053061,0.9670019944427983,0.9690325172885794,0.9687571486175284,0.9695518990874347,0.8541310286849642,5.978917200794749,[ 5.9789  0.     -0.231  -0.5214],0.0,0.5213829787234041,0.23095382647478127,0.7523368051981854
"0.0,1.0,0.0,0.0",29.0,1.0,0.4146080044257158,0.9177120265968031,0.9177332378439063,0.9384075776538735,0.9384781613643337,0.9386464471133257,0.9387251839589241,0.8577586627081261,6.004310638956882,[ 6.0043  0.     -0.1929 -0.4381],0.0,0.4380851063829786,0.19288173140113804,0.6309668377841167
"0.0,1.0,0.0,0.0",30.0,1.0,0.5610623497037004,0.9257370836617956,0.892884589238922,0.9141540776613464,0.9139042925634828,0.914131964051425,0.9142393533278748,0.862301958601221,6.036113710208547,[ 6.0361  0.     -0.177  -0.3844],0.0,0.3844042553191489,0.17696776603942918,0.5613720213585781
"0.14159292,0.0,0.8584071,0.0",15.0,1.0,9.200710514799256e-07,0.024805086603905565,0.5289260161674584,0.9061377247197421,0.739457462054299,0.8164135116866541,0.7369923351362055,0.5361047223484737,3.7527330564393164,[ 3.7527 -0.5267 -0.3568 -1.0008],0.5266647251030618,1.0008085106382976,0.3567849258161147,1.884258161557474
"0.14159292,0.0,0.8584071,0.0",16.0,1.0,0.00025905504405408303,0.15807402622829325,0.913645852154833,0.8589361586356099,0.791076289268682,0.8596083832231691,0.7891360210776017,0.6243908265188919,4.3707357856322435,[ 4.3707 -0.4123 -0.3105 -0.9706],0.41227361638333787,0.9705744680851063,0.3105483086909479,1.693396393159392
"0.14159292,0.0,0.8584071,0.0",17.0,1.0,0.0008564901305617096,0.278395895971941,0.987076139636574,0.8420024339973436,0.8405712426603082,0.8389558485498365,0.8379027025399102,0.6608229647837822,4.6257607534864755,[ 4.6258 -0.3787 -0.3027 -0.9305],0.3787336504078895,0.9304680851063829,0.3026831456261751,1.6118848811404476
"0.14159292,0.0,0.8584071,0.0",18.0,1.0,0.0023077415102639026,0.3540739851909356,0.9915429035129597,0.8867128182132947,0.8842731397601514,0.8830794039044049,0.8822581469544761,0.6977497341494981,4.884248139046487,[ 4.8842 -0.3538 -0.2921 -0.8793],0.3538452284326956,0.879255319148936,0.29210922136191314,1.5252097689435447
"0.14159292,0.0,0.8584071,0.0",19.0,1.0,0.004989113001305689,0.39868856563771154,1.0,0.8688932685242177,0.9235299511176694,0.9221124406196319,0.8617825894783478,0.7114279897684119,4.979995928378884,[ 4.98   -0.3205 -0.289  -0.8416],0.32051528724810674,0.8416170212765957,0.28900873842861335,1.4511410469533157
"0.14159292,0.0,0.8584071,0.0",20.0,1.0,0.007360148871807687,0.3571738529273793,1.0,0.9101349061609068,0.9064653399385085,0.9047880990624202,0.9040346610430663,0.7128510011434412,4.9899570080040885,[ 4.99   -0.2985 -0.2868 -0.7953],0.2984781665352424,0.7953404255319148,0.28675468720746167,1.380573279274619
"0.14159292,0.0,0.8584071,0.0",21.0,1.0,0.00013945559136142828,0.11009915886275852,0.9626818575692851,0.9390383175211241,0.8819711622903055,0.9391745675033772,0.8826389016050903,0.6736776315633289,4.715743420943302,[ 4.7157 -0.363  -0.2849 -0.6627],0.3630000000000001,0.6626808510638296,0.28487807222745054,1.3105589232912802
"0.14159292,0.0,0.8584071,0.0",22.0,1.0,2.3410532804421504e-05,0.17954179959282887,1.0,0.9235296705793677,0.9227412820877118,0.9225202019556636,0.9225681307240832,0.6958463564960657,4.87092449547246,[ 4.8709 -0.363  -0.2707 -0.6096],0.3630000000000001,0.6096170212765957,0.2707347557554527,1.2433517770320486
"0.14159292,0.0,0.8584071,0.0",23.0,1.0,0.014967421802816289,1.0,0.9922268796291861,0.9566736441566065,0.9556425110049189,0.955172749581758,0.9549248212468188,0.8328011467745864,5.829608027422105,[ 5.8296 -0.2355 -0.2257 -0.6238],0.23546988539313368,0.6238085106382977,0.22568776499769683,1.0849661610291284
"0.14159292,0.0,0.8584071,0.0",24.0,1.0,0.069878126208055,1.0,0.9799619999535771,0.9787132987106985,0.9782617508662121,0.9780496052539237,0.9778912027450167,0.851822283391069,5.962755983737483,[ 5.9628 -0.2179 -0.2247 -0.5886],0.21789490780076703,0.5886382978723403,0.22471144581710323,1.0312446514902107
"0.14159292,0.0,0.8584071,0.0",25.0,1.0,0.19736743352582248,1.0,0.990611038468256,0.9911756769510406,0.9910932167925262,0.991052173685767,0.9910451318590963,0.8789063816117869,6.152344671282508,[ 6.1523 -0.1815 -0.2283 -0.567 ],0.18150000000000005,0.5670425531914893,0.22833822571228227,0.9768807789037716
"0.14159292,0.0,0.8584071,0.0",26.0,1.0,0.30963889942108236,0.9846972417825813,0.9681913688939696,0.9766743675416412,0.9764246439306828,0.9762993083697452,0.9762408725050801,0.881166671777826,6.168166702444783,[ 6.1682 -0.1808 -0.2141 -0.509 ],0.18075824245128938,0.5090425531914893,0.21409567771780624,0.9038964733605849
"0.14159292,0.0,0.8584071,0.0",27.0,1.0,0.3253373594882551,0.9809092101616083,0.9761892093404122,0.9785323917719169,0.978669915337149,0.9787408337163401,0.978768566754702,0.885306783795769,6.197147486570383,[ 6.1971 -0.1653 -0.1995 -0.4597],0.16526563021521726,0.45968085106382967,0.19949684601860077,0.8244433272976477
"0.14159292,0.0,0.8584071,0.0",28.0,1.0,0.3033046354431414,0.9579325549833663,0.9611768765899832,0.9600587942063263,0.9602025250781746,0.9602636462102021,0.960297861096309,0.8661766990867861,6.0632368936075025,[ 6.0632 -0.1562 -0.1798 -0.4011],0.15618752481961665,0.4010638297872341,0.1797511459282533,0.737002500535104
"0.14159292,0.0,0.8584071,0.0",29.0,1.0,0.5422540686962873,0.9286893119547585,0.9554550321889907,0.9488827996683872,0.9491607374263564,0.9493240751640651,0.9492806614832172,0.8890066695117232,6.223046686582062,[ 6.223  -0.1406 -0.1777 -0.3684],0.140605424395259,0.36836170212765956,0.17771985578930502,0.6866869823122236
"0.14159292,0.0,0.8584071,0.0",30.0,1.0,0.79110197895936,0.8936164577120493,0.9287024149932896,0.9180662781800808,0.8930642261179567,0.8907730909363005,0.8761397633178726,0.8844948871738442,6.1914642102169095,[ 6.1915 -0.1255 -0.1912 -0.364 ],0.1254582988231044,0.36404255319148937,0.1912148794502994,0.6807157314648933
"0.044299383,0.066104285,0.5213543,0.36824203",15.0,1.0,1.1902258626616848e-08,0.08955889824640212,0.701259937566339,0.3678792475405307,0.7354112852350735,0.3678792541463642,0.7144300797764916,0.42520267348763713,2.9764187144134597,[ 2.9764 -0.4259 -0.2295 -0.8052],0.4258645765947782,0.8052127659574466,0.22954129792544406,1.4606186404776689
"0.044299383,0.066104285,0.5213543,0.36824203",16.0,1.0,8.191619793297213e-10,0.21834056041844274,0.8452973101399337,0.36787928757330995,0.7757585761669692,0.36787927612375615,0.7686636891428621,0.4776883857692051,3.3438187003844355,[ 3.3438 -0.3903 -0.2194 -0.7787],0.39033387698909205,0.7786808510638297,0.21941066061855943,1.3884253886714812
"0.044299383,0.066104285,0.5213543,0.36824203",17.0,1.0,1.6225309827073193e-07,0.3622624750336612,0.7752834550437864,0.36787929149694243,0.824806630789215,0.3678792987219853,0.8191076457790586,0.5024598513025352,3.5172189591177467,[ 3.5172 -0.3641 -0.2155 -0.7441],0.3641275077408803,0.7441276595744679,0.21550579672514936,1.3237609640404977
"0.044299383,0.066104285,0.5213543,0.36824203",18.0,1.0,6.710986601297849e-06,0.1354975271748302,0.8147678337493817,0.36787931069198787,0.8704523105223266,0.36787932004530655,0.8657194717792381,0.4888860692785246,3.4222024849496724,[ 3.4222 -0.2156 -0.2323 -0.7546],0.21558142683084142,0.7546170212765957,0.2322961792126313,1.2024946273200683
"0.044299383,0.066104285,0.5213543,0.36824203",19.0,1.0,0.0002917101830236199,0.2587693005861412,0.8994761148278547,0.3678793378474207,0.838772739435253,0.36787932866931655,0.8342062074751367,0.5096106770034495,3.5672747390241466,[ 3.5673 -0.1815 -0.2341 -0.733 ],0.18150000000000005,0.7330212765957445,0.23405797111137225,1.1485792477071166
"0.044299383,0.066104285,0.5213543,0.36824203",20.0,1.0,0.00019233724832934984,0.17502325479092848,0.8525735156093374,0.3678793421396046,0.8872385946435789,0.3678793489470448,0.8817713314005317,0.5046511035399078,3.532557724779355,[ 3.5326 -0.1815 -0.2369 -0.6775],0.18150000000000005,0.6774893617021276,0.23688107611707107,1.0958704378191986
"0.044299383,0.066104285,0.5213543,0.36824203",21.0,1.0,3.555142229397177e-05,0.07284960104826534,0.9307547861529444,0.3678793666793589,0.9321546403156965,0.3678793683603213,0.9244502423205165,0.5137147937570568,3.5960035562993973,[ 3.596  -0.2193 -0.2343 -0.596 ],0.21925199437944293,0.5960425531914892,0.2343028641412624,1.0495974117121945
"0.044299383,0.066104285,0.5213543,0.36824203",22.0,1.0,0.0045998436403479025,0.8686214354868612,0.3678793668474576,0.9638110010766526,0.3678793853286133,0.9604982977936823,0.36787938457961694,0.5573098163933189,3.901168714753232,[ 3.9012 -0.257  -0.154  -0.501 ],0.2570206981644514,0.5010212765957447,0.15400694503686604,0.9120489197970622
"0.044299383,0.066104285,0.5213543,0.36824203",23.0,1.0,0.019416574526388942,0.8791561421525689,0.36787937951199245,0.9285210683560319,0.36787939018736165,0.9863886373204478,0.3678794006484185,0.5595886561004587,3.9171205927032107,[ 3.9171 -0.2362 -0.1484 -0.4584],0.23619941114463203,0.4584468085106382,0.14835043180488536,0.8429966514601556
"0.044299383,0.066104285,0.5213543,0.36824203",24.0,1.0,0.060773992099142304,0.9308623024104601,0.36787939690075677,0.9041993974976884,0.36787939557456223,0.9477245627092998,0.3678794031006911,0.563885492898943,3.9471984502926007,[ 3.9472 -0.1815 -0.1465 -0.4486],0.18150000000000005,0.4485744680851063,0.1465492223857546,0.776623690470861
"0.044299383,0.066104285,0.5213543,0.36824203",25.0,1.0,0.2220480343989057,0.9831441646150733,0.36787941678118274,0.8434992111933427,0.8325311443084622,0.3678793951179665,0.914483374378011,0.6473521058275635,4.531464740792945,[ 4.5315 -0.1815 -0.1742 -0.4597],0.18150000000000005,0.45968085106382967,0.17417705822657178,0.8153579092904015
"0.044299383,0.066104285,0.5213543,0.36824203",26.0,1.0,0.3579144286981295,0.9933357708005925,0.36787943258652067,0.9028161342917981,0.36787941488666837,0.8286025126417595,0.3678794037483925,0.5980438710934087,4.186307097653861,[ 4.1863 -0.1815 -0.1516 -0.3893],0.18150000000000005,0.38934042553191484,0.15163069764187145,0.7224711231737863
"0.044299383,0.066104285,0.5213543,0.36824203",27.0,1.0,0.46980604942328336,0.8797018050444613,0.36787942178835376,0.9474113104993376,0.3678794297943958,0.9691539335089839,0.3678794349155306,0.6242444835677637,4.369711384974346,[ 4.3697 -0.1503 -0.1386 -0.3628],0.15029490014953362,0.36280851063829783,0.13861723321524058,0.651720644003072
"0.044299383,0.066104285,0.5213543,0.36824203",28.0,1.0,0.43695930038882835,0.9404224530084945,0.3678794477087186,0.971292359243343,0.3678794419425708,0.6746612674957237,0.9933116774666908,0.6789151353220528,4.75240594725437,[ 4.7524 -0.1546 -0.1459 -0.3523],0.15462316774130938,0.3523191489361701,0.14585996855025368,0.6528022852277331
"0.044299383,0.066104285,0.5213543,0.36824203",29.0,1.0,0.6185384628439886,0.9138355060881034,0.3678794555393886,0.9792034502422884,0.3678794523885848,0.7666828837606546,0.43363755143589244,0.6353795374712715,4.447656762298901,[ 4.4477 -0.1399 -0.1386 -0.3134],0.13990276447817346,0.31344680851063833,0.13859854152661275,0.5919481145154245
"0.044299383,0.066104285,0.5213543,0.36824203",30.0,1.0,0.84106117075959,0.36787944964054503,0.9503158320249242,0.931067132108079,0.36787946379314673,0.9610778117652529,0.9381181931896468,0.7653427218973121,5.357399053281185,[ 5.3574 -0.1245 -0.1367 -0.2974],0.12446570005746728,0.2974042553191489,0.136656495517382,0.5585264508939981
"0.056963354,0.35234013,0.45283994,0.13785657",15.0,1.0,1.4073552150238555e-06,0.005105755655349332,0.2580284131843157,0.8074049931911261,0.36787926592150444,0.7208012192159714,0.8095851295220823,0.42411516914936637,2.9688061840455644,[ 2.9688 -0.2268 -0.3394 -1.052 ],0.22681365878163748,1.0520212765957444,0.3393923645807494,1.6182272999581313
"0.056963354,0.35234013,0.45283994,0.13785657",16.0,1.0,9.43956946615416e-08,0.005700039549385504,0.3285796924427865,0.8625292950927727,0.3678792907330106,0.7734408650035804,0.3678792757330963,0.3865726504214752,2.7060085529503266,[ 2.706  -0.2024 -0.2994 -0.912 ],0.20235458200314868,0.9119574468085104,0.29937400238178175,1.4136860311934407
"0.056963354,0.35234013,0.45283994,0.13785657",17.0,1.0,4.06713538983388e-05,0.3353890958767813,0.8481611326031079,0.36787930276292485,0.821524397808184,0.3678792981643901,0.8156418114944519,0.5080736728662483,3.556515710063738,[ 3.5565 -0.3745 -0.2323 -0.7559],0.37449827510854344,0.7558510638297871,0.23232786707030917,1.3626772060086396
"0.056963354,0.35234013,0.45283994,0.13785657",18.0,1.0,2.4026072202758966e-05,0.1653860959643536,0.9404978710525733,0.367879332902812,0.866490400164298,0.36664786686072787,0.8613061996706672,0.5097473989553765,3.5682317926876355,[ 3.5682 -0.2273 -0.2453 -0.7657],0.22734804050596918,0.765723404255319,0.245289472476599,1.2383609172378873
"0.056963354,0.35234013,0.45283994,0.13785657",19.0,1.0,0.0002671195849786634,0.2805354798590249,0.9794059972345113,0.3678793543062928,0.9076528818253767,0.7814035034748301,0.8579996361690099,0.5964491389220036,4.175143972454025,[ 4.1751 -0.198  -0.2653 -0.8046],0.19799264260586252,0.8045957446808509,0.2652995282153524,1.2678879155020657
"0.056963354,0.35234013,0.45283994,0.13785657",20.0,1.0,0.00036801969070668025,0.2588864139691459,0.9991254085028622,0.21757739440175242,0.9429769091389435,0.8364568774352422,0.9028710088339315,0.5940374331389406,4.158262031972584,[ 4.1583 -0.1984 -0.2698 -0.7577],0.19835743116671026,0.7577021276595743,0.2698053599218082,1.2258649187480928
"0.056963354,0.35234013,0.45283994,0.13785657",21.0,1.0,0.00015858315414723576,0.20174663069554483,1.0,0.945480167125716,0.9425036835824456,0.9412992067216962,0.9406837638039597,0.7102674335833585,4.97187203508351,[ 4.9719 -0.2062 -0.2942 -0.7521],0.20615836331108295,0.7521489361702127,0.2942420533047088,1.2525493527860045
"0.056963354,0.35234013,0.45283994,0.13785657",22.0,1.0,0.0074794486965717045,0.835573684151921,0.9778761476022507,0.9260623076851401,0.9241010650079354,0.9232365159080326,0.9227874130194748,0.7881595117244753,5.517116582071327,[ 5.5171 -0.2597 -0.2297 -0.6534],0.2596647418669994,0.6534255319148934,0.22974154294065274,1.1428318167225455
"0.056963354,0.35234013,0.45283994,0.13785657",23.0,1.0,0.023883239633612576,0.9762767743431935,0.9595159616832655,0.9566225177911224,0.9556198203553629,0.9551657716868238,0.9549552651438554,0.8260056215196051,5.782039350637236,[ 5.782  -0.237  -0.2247 -0.6176],0.23702550272865053,0.6176382978723404,0.22471144581710323,1.0793752464180941
"0.056963354,0.35234013,0.45283994,0.13785657",24.0,1.0,0.050723856520435845,1.0,0.941358867861347,0.9782499740538287,0.978141884242278,0.9779015381931239,0.9778586529839086,0.8434621105507032,5.904234773854922,[ 5.9042 -0.2164 -0.2202 -0.5825],0.2164402479371784,0.5824680851063829,0.22019492921894687,1.0191032622625082
"0.056963354,0.35234013,0.45283994,0.13785657",25.0,1.0,0.214662517993297,1.0,0.9631989993020825,0.9623832995698468,0.9622988648351775,0.9622491378462474,0.962220665707106,0.8610019264648223,6.0270134852537565,[ 6.027  -0.1815 -0.2198 -0.5485],0.18150000000000005,0.548531914893617,0.21980038927252438,0.9498323041661414
"0.056963354,0.35234013,0.45283994,0.13785657",26.0,1.0,0.3579144286981295,0.9859063101823021,0.976500967297809,0.9763977264950472,0.9762561920556251,0.9761999344259432,0.9762092381190502,0.8893406853248438,6.2253847972739065,[ 6.2254 -0.1815 -0.2232 -0.5152],0.18150000000000005,0.5152127659574468,0.22322525744140853,0.9199380233988553
"0.056963354,0.35234013,0.45283994,0.13785657",27.0,1.0,0.4582475864151217,0.9736387921417229,0.9591784481702111,0.9784770944637766,0.9786535513332713,0.9787274222403007,0.9787646149734605,0.9008125013911236,6.305687509737865,[ 6.3057 -0.1722 -0.2197 -0.4794],0.17220167829016134,0.4794255319148935,0.2196901294499323,0.8713173396549871
"0.056963354,0.35234013,0.45283994,0.13785657",28.0,1.0,0.5273065896886584,0.9633542037878595,0.9589002040838468,0.9598037446765809,0.9600951874721985,0.9602095604657628,0.9602733546987248,0.8985632635533759,6.289942844873631,[ 6.2899 -0.1537 -0.206  -0.4331],0.15366893342768312,0.4331489361702127,0.20600551299363795,0.7928233825915338
"0.056963354,0.35234013,0.45283994,0.13785657",29.0,1.0,0.42510331812270996,0.9580262068239087,0.9365471478466519,0.9382072776954998,0.9385297597254246,0.9386688825687548,0.9387295824804234,0.8676874536090533,6.073812175263373,[ 6.0738  0.     -0.1997 -0.4381],0.0,0.4380851063829786,0.1996813450073237,0.6377664513903023
"0.056963354,0.35234013,0.45283994,0.13785657",30.0,1.0,0.5198400389785639,0.9279441756966393,0.910479825485942,0.9133329705444244,0.9138843285846912,0.9141218135423426,0.9142337965851791,0.8591195642025404,6.013836949417783,[ 6.0138  0.     -0.1875 -0.3918],0.0,0.3918085106382978,0.18752888799995765,0.5793373986382555
"0.29849294,0.70150703,0.0,0.0",15.0,1.0,7.760265660639567e-05,0.09278520775213012,0.45395986822242007,0.955435578316513,0.9501995567718491,0.9489651828492011,0.9477135025301986,0.6213052141569884,4.349136499098918,[ 4.3491 -0.484  -0.3939 -1.1773],0.48404781985987677,1.1772765957446807,0.3939100563369694,2.0552344719415268
"0.29849294,0.70150703,0.0,0.0",16.0,1.0,0.0002807571176578132,0.18414247317244767,0.9342634552283424,0.9677256378436224,0.9666463911436852,0.9663916923630783,0.9662483334499586,0.7122426771883988,4.985698740318792,[ 4.9857 -0.4314 -0.3552 -1.0853],0.4314196316195369,1.0853404255319148,0.35515830446198654,1.8719183616134383
"0.29849294,0.70150703,0.0,0.0",17.0,1.0,0.0009162651460965926,0.2966280119256368,0.9588347345867565,0.9734835238689107,0.9719618021818919,0.9714275856758051,0.9710883147195314,0.7349057483006612,5.144340238104629,[ 5.1443 -0.3907 -0.3388 -1.0212],0.390738631288881,1.0211702127659572,0.33880313905553006,1.7507119831103681
"0.29849294,0.70150703,0.0,0.0",18.0,1.0,0.0026974149709609965,0.4500857200602722,0.9931998725711771,0.9908868083852812,0.9896348418230618,0.9890607123301183,0.9887468345082506,0.7720446006641604,5.4043122046491225,[ 5.4043 -0.3561 -0.3311 -0.978 ],0.3560700126683692,0.9779787234042551,0.3310805250965366,1.6651292611691608
"0.29849294,0.70150703,0.0,0.0",19.0,1.0,0.007116544318803691,0.4283451144998491,0.9963092680239333,1.0,1.0,1.0,1.0,0.7759672752632266,5.431770926842586,[ 5.4318 -0.3332 -0.3358 -0.944 ],0.3331738240880306,0.9440425531914893,0.33577889749146406,1.612995274770984
"0.29849294,0.70150703,0.0,0.0",20.0,1.0,0.006714856077310602,0.39415643724944327,0.9933892247450026,1.0,1.0,1.0,1.0,0.7706086454388223,5.394260518071756,[ 5.3943 -0.3127 -0.3329 -0.8934],0.31267380276395057,0.8934468085106383,0.33287391613718953,1.5389945274117784
"0.29849294,0.70150703,0.0,0.0",21.0,1.0,0.0024382214437010056,0.4671182085452252,1.0,1.0,1.0,1.0,1.0,0.7813652042841323,5.469556429988926,[ 5.4696 -0.2738 -0.3258 -0.8527],0.27382758585777806,0.8527234042553189,0.3257726459478997,1.4523236360609966
"0.29849294,0.70150703,0.0,0.0",22.0,1.0,0.001488978363329282,0.5222157729825645,0.9982691286479822,0.9993055881534603,1.0,1.0,1.0,0.7887542097353337,5.521279468147336,[ 5.5213 -0.2432 -0.3233 -0.8083],0.24321476283573462,0.8082978723404257,0.3232849391820124,1.3747975743581726
"0.29849294,0.70150703,0.0,0.0",23.0,1.0,0.0009582161247202659,0.5699369980543963,1.0,0.9873238613732501,0.98895564178229,0.9897690917344873,0.9902079766367774,0.7895931122437031,5.527151785705922,[ 5.5272 -0.2205 -0.3148 -0.7515],0.22050699203943086,0.7515319148936169,0.3148227845467325,1.2868616914797801
"0.29849294,0.70150703,0.0,0.0",24.0,1.0,0.0007124550153881303,0.6101517081654092,1.0,1.0,1.0,1.0,1.0,0.8015520233115424,5.610864163180797,[ 5.6109 -0.2017 -0.2935 -0.6682],0.20171329396442644,0.6682340425531915,0.29351146693070596,1.163458803448324
"0.29849294,0.70150703,0.0,0.0",25.0,1.0,0.20645994363743453,0.9374817628647942,1.0,1.0,1.0,1.0,1.0,0.877705958071747,6.143941706502229,[ 6.1439 -0.1815 -0.2424 -0.5942],0.18150000000000005,0.5941914893617021,0.2423525620782141,1.0180440514399163
"0.29849294,0.70150703,0.0,0.0",26.0,1.0,0.30963889942108236,0.969140800256023,0.9770243911184011,0.9939090174524523,0.9939279261447659,0.9939563326969851,0.9939543545261905,0.8902216745165571,6.2315517216159,[ 6.2316 -0.1809 -0.223  -0.522 ],0.18091128149169208,0.5219999999999999,0.22296943070942551,0.9258807122011176
"0.29849294,0.70150703,0.0,0.0",27.0,1.0,0.4440936783070054,0.982752195882055,0.959659750271435,0.9787210060736563,0.9787759690237962,0.9787871108430953,0.9787962513346503,0.9002265659622418,6.301585961735693,[ 6.3016 -0.1659 -0.2045 -0.4603],0.16591136814799576,0.46029787234042546,0.2044894053979732,0.8306986458863944
"0.29849294,0.70150703,0.0,0.0",28.0,1.0,0.5919413893616919,0.9618070312632253,0.9596299970686599,0.9694140988428,0.969866374282177,0.9699621927528104,0.9698585525814687,0.9132113765932619,6.392479636152833,[ 6.3925 -0.1513 -0.2013 -0.4264],0.15133872991379793,0.42636170212765956,0.20128688975517106,0.7789873217966286
"0.29849294,0.70150703,0.0,0.0",29.0,1.0,0.7060329002784632,0.9424165530888713,0.9452646677344997,0.9480463520038818,0.9489844183468072,0.9494926158991273,0.9496888143431004,0.9128466173849645,6.389926321694752,[ 6.3899 -0.137  -0.1978 -0.3937],0.1370367912961249,0.3936595744680851,0.19775483091092305,0.728451196675133
"0.29849294,0.70150703,0.0,0.0",30.0,1.0,0.6982708939947251,0.9278852924994482,0.8972961308639751,0.9153092727303106,0.9175148558989411,0.9184600938418019,0.9189848154874485,0.8848173364738072,6.193721355316651,[ 6.1937 -0.1225 -0.1977 -0.3647],0.12252941500496521,0.36465957446808506,0.19767123400403783,0.6848602234770881
"0.040455896,0.17173977,0.2775199,0.5102844",15.0,1.0,4.6572270436166236e-09,0.0925402540260551,0.7072116225447942,0.36787924855021265,0.6334635414452603,0.36787923760231217,0.6068767874112032,0.3965500994624378,2.7758506962370646,[ 2.7759 -0.4251 -0.2246 -0.7947],0.42507379463066586,0.794723404255319,0.22462087350938245,1.4444180723953672
"0.040455896,0.17173977,0.2775199,0.5102844",16.0,1.0,2.78736597670049e-08,0.21054343950549181,0.7268593517692975,0.36787926798869053,0.6751864569155177,0.3678792603354341,0.6675600135915897,0.43084397399709734,3.015907817979681,[ 3.0159 -0.3918 -0.2181 -0.7657],0.3918263308206222,0.7657234042553189,0.21806290886422547,1.3756126439401666
"0.040455896,0.17173977,0.2775199,0.5102844",17.0,1.0,6.006466728154818e-08,0.3878552406372056,0.6581361880882759,0.36787927365977513,0.5940699004816196,0.3678792631875396,0.5862939780705976,0.4231591291699544,2.962113904189681,[ 2.9621 -0.3628 -0.2065 -0.7207],0.3627786547534408,0.7206808510638296,0.20653334864628134,1.2899928544635517
"0.040455896,0.17173977,0.2775199,0.5102844",18.0,1.0,1.2912108728908042e-09,0.17743680700893324,0.934487263543069,0.3678793315617169,0.6598001456175294,0.367879288471468,0.6519251533856115,0.451343998697077,3.1594079908795387,[ 3.1594 -0.2088 -0.2136 -0.7404],0.20884736271178486,0.7404255319148935,0.21359168109639373,1.162864575723072
"0.040455896,0.17173977,0.2775199,0.5102844",19.0,1.0,0.00015066807189587154,0.26715443015483686,0.9059815098368059,0.36787933903715486,0.8375844531015167,0.36787932847585864,0.833979281277147,0.5115155728507451,3.580609009955216,[ 3.5806 -0.1815 -0.2322 -0.7318],0.18150000000000005,0.731787234042553,0.23215244815312436,1.1454396821956774
"0.040455896,0.17173977,0.2775199,0.5102844",20.0,1.0,0.0015172609928032989,0.34968659568929783,0.9271771437157433,0.36787935628800983,0.8880807422738377,0.36787934909222486,0.8822159161123336,0.5406337663091786,3.78443636416425,[ 3.7844 -0.1755 -0.2274 -0.6904],0.1754519322981061,0.6904468085106382,0.22735052453724072,1.093249265345985
"0.040455896,0.17173977,0.2775199,0.5102844",21.0,1.0,3.556144402039213e-05,0.10347067480439416,0.9315004732363782,0.36787936681708533,0.9332520538956115,0.3678793685735184,0.9263634590130535,0.5186258511120088,3.6303809577840616,[ 3.6304 -0.2191 -0.2366 -0.5997],0.21914585244623416,0.5997446808510637,0.2365693673498544,1.0554599006471523
"0.040455896,0.17173977,0.2775199,0.5102844",22.0,1.0,0.0015388101767449811,0.8621499932976268,0.3678793673416191,0.8999296921259213,0.3678793750975112,0.9579586294158785,0.36787938402050985,0.5464593216394017,3.8252152514758118,[ 3.8252 -0.2748 -0.1562 -0.4911],0.2748164141064735,0.49114893617021277,0.15621035924676285,0.9221757095234492
"0.040455896,0.17173977,0.2775199,0.5102844",23.0,1.0,0.019416574526388942,0.9810569568455216,0.3678793962791508,0.9267264130390414,0.3678793898593939,0.9354691097523136,0.36787939149196713,0.5666153188276825,3.9663072317937775,[ 3.9663 -0.2361 -0.1485 -0.4671],0.23609902674392308,0.4670851063829786,0.14845491494666302,0.8516390480735647
"0.040455896,0.17173977,0.2775199,0.5102844",24.0,1.0,0.060773992099142304,0.930879817600405,0.3678793969035047,0.9037496371228222,0.3678793955048852,0.9507345309231601,0.3678794037054324,0.5642537391227646,3.949776173859352,[ 3.9498 -0.1815 -0.1465 -0.4504],0.18150000000000005,0.4504255319148935,0.1465492223857546,0.7784747543006482
"0.040455896,0.17173977,0.2775199,0.5102844",25.0,1.0,0.2627318757754711,1.0,0.3678794232710242,0.9231310179531116,0.36787940750619835,0.26872468514867387,0.9934953769920224,0.5976916838066432,4.183841786646502,[ 4.1838 -0.1815 -0.1856 -0.4677],0.18150000000000005,0.46770212765957436,0.18564581861416815,0.8348479462737426
"0.040455896,0.17173977,0.2775199,0.5102844",26.0,1.0,0.36777749435249074,0.9849570893986346,0.36787942823549685,0.9067505775713189,0.3678794154717272,0.416366345455963,0.9211143454898701,0.618960670853643,4.332724695975501,[ 4.3327 -0.171  -0.183  -0.4412],0.17097291378003526,0.44117021276595736,0.1829541499068462,0.7950972764528389
"0.040455896,0.17173977,0.2775199,0.5102844",27.0,1.0,0.4525672492264754,0.6972519061517842,0.3678794006531301,0.9568755269187161,0.36787943173566234,0.9443495310204496,0.36787942921977834,0.5935260678465709,4.1546824749259965,[ 4.1547 -0.1455 -0.1485 -0.34  ],0.14551404807689514,0.33997872340425533,0.14848497753613088,0.6339777490172813
"0.040455896,0.17173977,0.2775199,0.5102844",28.0,1.0,0.5942145271944583,0.8844153304067235,0.3678794414645283,0.9722779387327525,0.3678794422696434,0.6517813831232987,0.21791615985278348,0.5794806032920269,4.056364223044188,[ 4.0564 -0.1503 -0.1551 -0.2653],0.1502815809072378,0.2653191489361702,0.15514526577940696,0.5707459956228149
"0.040455896,0.17173977,0.2775199,0.5102844",29.0,1.0,0.6869923422115481,0.8679787188992346,0.36787945245154163,0.9791435584844328,0.36787945258987353,0.7690808632634714,0.2991953242442911,0.6197356731634847,4.338149712144393,[ 4.3381 -0.1365 -0.1307 -0.24  ],0.13651850246456174,0.24002127659574463,0.13069389254298686,0.5072336716032932
"0.040455896,0.17173977,0.2775199,0.5102844",30.0,1.0,0.6982797605816448,0.838596920971635,0.36787945997725136,0.968312702484041,0.3678794611084881,0.8192742622213677,0.36787943496020575,0.6325860003292334,4.428102002304634,[ 4.4281 -0.1225 -0.1172 -0.2172],0.12252068399298294,0.21719148936170213,0.11720147020251925,0.4569136435572043
"0.051336333,0.19856311,0.519839,0.2302616",15.0,1.0,4.469647039517743e-07,0.005140742244390298,0.25849182557529576,0.821339640784641,0.36787926844397256,0.7208149416512066,0.3678792516547029,0.36307801675984475,2.541546117318913,[ 2.5415 -0.2238 -0.306  -0.9675],0.2237820457527938,0.9674893617021274,0.3060041740516848,1.4972755815066061
"0.051336333,0.19856311,0.519839,0.2302616",16.0,1.0,2.811529144406994e-09,0.23022405084076972,0.8802535018648984,0.3678792940273243,0.7727872770875747,0.3678792756230401,0.7662798349311856,0.4836147481694746,3.385303237186322,[ 3.3853 -0.4034 -0.2281 -0.7867],0.40339781109354295,0.7867021276595744,0.22811791354561423,1.4182178522987314
"0.051336333,0.19856311,0.519839,0.2302616",17.0,1.0,6.006466728154818e-08,0.39087275149266604,0.859136571212821,0.36787930471288505,0.8218915376310546,0.3678792982266498,0.8160542914694677,0.5176734021157445,3.6237138148102117,[ 3.6237 -0.3704 -0.2218 -0.7534],0.37044828834288385,0.7533829787234041,0.22177490296687707,1.345606170033165
"0.051336333,0.19856311,0.519839,0.2302616",18.0,1.0,2.1970749398862535e-06,0.16608617341852838,0.8910195529976376,0.36787932305272597,0.8674812793661437,0.36787931952374003,0.8625401802328019,0.5032697179523596,3.522888025666518,[ 3.5229 -0.2212 -0.2361 -0.7608],0.22124675551779552,0.760787234042553,0.23609224516224334,1.2181262347225918
"0.051336333,0.19856311,0.519839,0.2302616",19.0,1.0,0.0002187073092140659,0.27013183426353804,0.9810935419067208,0.3678793547846227,0.9090457711316622,0.36787933960480695,0.904687848514919,0.5429909139307834,3.8009363975154837,[ 3.8009 -0.1964 -0.2402 -0.7404],0.1963516134975414,0.7404255319148935,0.24024927897745132,1.1770264243898862
"0.051336333,0.19856311,0.519839,0.2302616",20.0,1.0,0.0006220812721979438,0.3271834120696516,1.0,0.36787937223549105,0.9450631219588478,0.36787935838883923,0.941212505655212,0.5642628359400342,3.9498398515802395,[ 3.9498 -0.1852 -0.2406 -0.7003],0.18521807679159918,0.7003191489361702,0.24055874661682444,1.1260959723445938
"0.051336333,0.19856311,0.519839,0.2302616",21.0,1.0,0.00025964376618214664,0.23771986281394916,1.0,0.3678793876501263,0.973749346273727,0.3678793756910892,0.9710248736974666,0.5597874985560772,3.9185124898925405,[ 3.9185 -0.1988 -0.2433 -0.6399],0.19878442922915887,0.6398510638297872,0.24333324810730309,1.081968741166249
"0.051336333,0.19856311,0.519839,0.2302616",22.0,1.0,0.0029748885426667585,0.8125214212716786,0.9445140122670295,0.8637204010093688,0.9231585872285464,0.8607436321909334,0.9218764549575007,0.761358485352532,5.329509397467724,[ 5.3295 -0.2705 -0.2252 -0.6361],0.27047559861810333,0.6361489361702127,0.2251641123722774,1.1317886471605934
"0.051336333,0.19856311,0.519839,0.2302616",23.0,1.0,0.022627401175138687,0.9721055552305629,0.9106319074046129,0.9053881430725542,0.9038449361687072,0.9030136552438711,0.902760304755058,0.7886245575786436,5.520371903050505,[ 5.5204 -0.2378 -0.216  -0.5973],0.23775026442866948,0.5972765957446808,0.21600137027871466,1.051028230452065
"0.051336333,0.19856311,0.519839,0.2302616",24.0,1.0,0.07570456500968714,1.0,0.9082958483904624,0.9389431765054884,0.9380084007060188,0.9376900172561755,0.9375152807172479,0.81945104122644,5.73615728858508,[ 5.7362 -0.2196 -0.2154 -0.5658],0.219580201261939,0.565808510638298,0.21537495417028352,1.0007636660705206
"0.051336333,0.19856311,0.519839,0.2302616",25.0,1.0,0.17625855475398042,1.0,0.8887122351400669,0.8284904394576652,0.9090229474360643,0.9190812767352826,0.918493374994117,0.8057226897881682,5.640058828517177,[ 5.6401 -0.1837 -0.2087 -0.5269],0.1836587913915384,0.526936170212766,0.2086584304096818,0.9192533920139861
"0.051336333,0.19856311,0.519839,0.2302616",26.0,1.0,0.3452468080363696,0.9973331010322619,0.8930592124741012,0.7359499109736043,0.9469250831729401,0.9261196067963411,0.8712113655799794,0.8165492982950854,5.715845088065597,[ 5.7158 -0.1815 -0.2096 -0.4911],0.18150000000000005,0.4911489361702127,0.20961463184179846,0.8822635680120112
"0.051336333,0.19856311,0.519839,0.2302616",27.0,1.0,0.4640121970749264,0.9814770717418789,0.9236978888595928,0.596038165093666,0.957518862621323,0.9194177081966868,0.7125025347640318,0.7935234897645865,5.554664428352106,[ 5.5547 -0.1706 -0.2055 -0.4504],0.1706217803397088,0.4504255319148936,0.20546461805258653,0.826511930307189
"0.051336333,0.19856311,0.519839,0.2302616",28.0,1.0,0.5512787911141037,0.9405279549613504,0.9379663141691539,0.7038199997986716,0.9472642428563366,0.9370190761764818,0.69229325912775,0.8157385197434068,5.710169638203848,[ 5.7102 -0.152  -0.1963 -0.3943],0.1519671512465924,0.3942765957446808,0.19626966740826146,0.7425134143995347
"0.051336333,0.19856311,0.519839,0.2302616",29.0,1.0,0.6158868790933961,0.9177330644108653,0.917776438542364,0.9174559374037838,0.917279211461603,0.917173512532786,0.9171227831557165,0.8743468323715021,6.1204278266005145,[ 6.1204 -0.1352 -0.1754 -0.3665],0.13524186986290235,0.3665106382978723,0.1754023497170563,0.6771548578778309
"0.051336333,0.19856311,0.519839,0.2302616",30.0,1.0,0.6125572237268129,0.9150361144076297,0.8931873959224184,0.8935416063579668,0.8935114362138772,0.8934820891713136,0.8934644254769695,0.8563971844681413,5.994780291276989,[ 5.9948 -0.1217 -0.1631 -0.3258],0.1216989891643828,0.3257872340425532,0.16312194088124435,0.6106081640881804
"0.05882872,0.0,0.050949123,0.89022213",15.0,1.0,0.36787493198247734,0.0,0.0,0.0,0.0,0.0,0.0,0.36787493198247734,0.36787493198247734,[-4.6321 -5.1815 -5.     -5.1123],0.18150000000000005,0.11229787234042554,4.3817801661680254e-07,0.2937983105184422
"0.05882872,0.0,0.050949123,0.89022213",16.0,1.0,0.36787531848224125,0.0,0.0,0.0,0.0,0.0,0.0,0.36787531848224125,0.36787531848224125,[-4.6321 -5.1815 -5.     -5.1049],0.18150000000000005,0.10489361702127659,4.3817801661680254e-07,0.28639405519929323
"0.05882872,0.0,0.050949123,0.89022213",17.0,1.0,0.3678756878046164,0.0,0.0,0.0,0.0,0.0,0.0,0.3678756878046164,0.3678756878046164,[-4.6321 -5.1815 -5.     -5.0963],0.18150000000000005,0.09625531914893616,4.3817801661680254e-07,0.2777557573269528
"0.05882872,0.0,0.050949123,0.89022213",18.0,1.0,2.6940279719679043e-05,0.0807459773089413,0.8567186526747913,0.3678793170161082,0.5063832984751103,0.3678792631429931,0.579170147124613,0.3941147994317538,2.7588035960222768,[ 2.7588 -0.409  -0.2344 -0.6639],0.4090459011965789,0.6639148936170212,0.23443588172837868,1.3073966765419787
"0.05882872,0.0,0.050949123,0.89022213",19.0,1.0,3.8611188132178964e-05,0.056516874668625594,0.8556620506471486,0.36787932970708404,0.6128861294094143,0.36787929454068424,0.6182851733933361,0.41130678050777497,2.8791474635544247,[ 2.8791 -0.4159 -0.2383 -0.6096],0.4158802953896608,0.6096170212765957,0.23827013689400264,1.263767453560259
"0.05882872,0.0,0.050949123,0.89022213",20.0,1.0,4.9590537084842405e-05,0.06497352508601158,0.9711787021361402,0.36787936341703265,0.6428344997360432,0.36787931259482,0.9063027288865866,0.4744425317705313,3.321097722393719,[ 3.3211 -0.4004 -0.2321 -0.572 ],0.400425493798105,0.5719787234042553,0.2320519084152168,1.204456125617577
"0.05882872,0.0,0.050949123,0.89022213",21.0,1.0,0.003327681936374489,0.7355389993080717,0.36787933755435975,0.933343076373431,0.3678793685912118,0.7440281409300875,0.36778389123957106,0.502825785133301,3.519780495933107,[ 3.5198 -0.2816 -0.163  -0.5473],0.28157576477752083,0.5472978723404255,0.16299253291783516,0.9918661700357816
"0.05882872,0.0,0.050949123,0.89022213",22.0,1.0,0.006554173996154946,0.8662998565331042,0.3678793665096001,0.9121360654282437,0.3678793772281068,0.8937004729648557,0.3678793740473174,0.5403326695296261,3.7823286867073826,[ 3.7823 -0.2572 -0.1518 -0.4924],0.25722185408465925,0.4923829787234042,0.15175564330925337,0.9013604761173168
"0.05882872,0.0,0.050949123,0.89022213",23.0,1.0,0.019416574526388942,0.9810406038465843,0.7358692241021996,0.8477580261563905,0.8389288737513735,0.8377042829694118,0.8354973750102843,0.7280307086232333,5.096214960362633,[ 5.0962 -0.2361 -0.2063 -0.5874],0.23606879920807372,0.5874042553191489,0.2063204927886657,1.0297935473158883
"0.05882872,0.0,0.050949123,0.89022213",24.0,1.0,0.050723856520435845,1.0,0.7664101085816741,0.8182900177887663,0.8135707331268262,0.811373525280745,0.8101400833401128,0.7243583320912229,5.070508324638561,[ 5.0705 -0.2165 -0.1949 -0.5405],0.2164822584076524,0.5405106382978724,0.1948593384325835,0.9518522351381083
"0.05882872,0.0,0.050949123,0.89022213",25.0,1.0,0.13481779884268172,1.0,0.8119597087960195,0.8582162125827113,0.8598117799570181,0.7917661169940952,0.8555455999118905,0.7588738881549165,5.312117217084416,[ 5.3121 -0.1815 -0.1899 -0.5047],0.18150000000000005,0.504723404255319,0.18991335266135878,0.8761367569166778
"0.05882872,0.0,0.050949123,0.89022213",26.0,1.0,0.25689076515732157,0.9418702196720131,0.8492614017833612,0.8281473753810397,0.8397147097663388,0.8382047063839703,0.8374221229464056,0.7702159001557786,5.39151130109045,[ 5.3915 -0.1704 -0.1802 -0.4566],0.170389068183954,0.45659574468085107,0.18023971163595454,0.8072245245007595
"0.05882872,0.0,0.050949123,0.89022213",27.0,1.0,0.423281027352364,0.8039442589533117,0.8749358875034239,0.7955186734014131,0.8792880360024988,0.8741219267095175,0.7794897102802961,0.7757970743146893,5.430579520202825,[ 5.4306 -0.1654 -0.1724 -0.4109],0.16537044624359473,0.41093617021276596,0.17236077959972662,0.7486673960560873
"0.05882872,0.0,0.050949123,0.89022213",28.0,1.0,0.5891555127896755,0.5554767753165917,0.910981126169158,0.8610244026904705,0.689459907568135,0.9078209334763749,0.8603110824742065,0.767747105783516,5.374229740484612,[ 5.3742 -0.13   -0.1678 -0.3566],0.13000474093839157,0.3566382978723404,0.16777479970528228,0.6544178385160143
"0.05882872,0.0,0.050949123,0.89022213",29.0,1.0,0.6060615148555697,0.257391451416853,0.9340245534391568,0.8567021191921644,0.7751016436206161,0.8784769584136606,0.8828298636217966,0.7415125863656881,5.190588104559817,[ 5.1906 -0.1004 -0.1664 -0.3554],0.10036746134485464,0.3554042553191489,0.16644090315949528,0.6222126198234987
"0.05882872,0.0,0.050949123,0.89022213",30.0,1.0,0.47363569780817444,0.19643494412105533,0.9138338730770688,0.8676083987498672,0.861822413561607,0.8614682083693522,0.8613931371296621,0.7194566675452553,5.036196672816787,[ 5.0362 -0.0769 -0.1622 -0.3233],0.0768663304039587,0.32331914893617025,0.1622292648112577,0.5624147441513867
"01,0,0,0",15.0,1.0,7.760265660639567e-05,0.12505620136459308,0.06669293298964406,0.6513906440767456,0.5980179794922206,0.4280555737107864,0.8494051440946908,0.38838515405504104,2.718696078385287,[ 2.7187 -0.5015 -0.3224 -0.978 ],0.5015350719533005,0.9779787234042551,0.3224462691006712,1.801960064458227
"01,0,0,0",16.0,1.0,0.0002807571176578132,7.761612073418072e-05,0.3857159377876027,0.6909082437423943,0.7624332503758499,0.810766624119789,0.4397459584385069,0.44141834110036215,3.089928387702535,[ 3.0899 -0.4389 -0.2712 -0.8527],0.43886128053393797,0.852723404255319,0.2711728395899443,1.5627575243792013
"01,0,0,0",17.0,1.0,0.0009162651460965926,4.764472850742337e-07,0.004865532765861607,0.0,0.0,0.0,0.0,0.0019274247864144247,0.0057822743592432745,[-4.9942 -5.1815 -5.1665 -5.6324],0.18150000000000005,0.6324468085106383,0.16651533644677668,0.9804621449574149
"01,0,0,0",18.0,1.0,0.0026974149709609965,0.00011430659144316751,0.13000826418730488,0.0,0.0,0.0,0.0,0.04427332858323635,0.13281998574970905,[-4.8672 -5.1804 -5.1665 -5.6763],0.1803898345340714,0.676255319148936,0.16649374225990188,1.0231388959429093
"01,0,0,0",19.0,1.0,0.0045052002392763,0.2692897894804345,0.793534059765522,0.7901240837317103,0.7848907733872833,0.7830693277430034,0.7822327602388269,0.6010922849408652,4.2076459945860565,[ 4.2076 -0.3246 -0.2627 -0.7781],0.3245507661134067,0.778063829787234,0.26267144659301117,1.365286042493652
"01,0,0,0",20.0,1.0,2.8920953770097608e-09,0.34757283881120904,0.8792416931022584,0.7789215623375214,0.7477891443912716,0.8318369833388656,0.7506913125333662,0.6194362196295125,4.336053537406587,[ 4.3361 -0.3062 -0.211  -0.6917],0.3062264336319439,0.6916808510638297,0.21099029649350626,1.20889758118928
"01,0,0,0",21.0,1.0,1.160265733960513e-07,0.5734836672941152,0.8538028408119676,0.7284335849936154,0.8091666775848443,0.7223823600877732,0.8068351275474701,0.6420149106209084,4.494104374346359,[ 4.4941 -0.2715 -0.2083 -0.6584],0.27150433370284055,0.6583617021276595,0.2082703072779602,1.1381363431084603
"01,0,0,0",22.0,1.0,2.0540247486896248e-05,0.1557934038395163,1.0,0.6398181824273272,0.7848932655695997,0.7835239515888364,0.781275690329912,0.5921892905718112,4.145325034002679,[ 4.1453 -0.1363 -0.2322 -0.6904],0.1362840320516031,0.6904468085106382,0.2322418989590296,1.058972739521271
"01,0,0,0",23.0,1.0,1.5933079312372304e-05,0.1625220875831669,1.0,0.7096153941663123,0.7557724507233644,0.7550892008976633,0.7529103709153716,0.5908464910521701,4.135925437365191,[ 4.1359 -0.1129 -0.2343 -0.6479],0.11290030809594871,0.647872340425532,0.23433293277571454,0.9951055812971953
"01,0,0,0",24.0,1.0,0.00012491456407058368,0.2647491310739969,1.0,0.7038726972030875,0.8813926587508712,0.7404228925618042,0.8070535036468826,0.6282308282572446,4.397615797800713,[ 4.3976 -0.0811 -0.2438 -0.6164],0.08110547353747018,0.616404255319149,0.24379584507444818,0.9413055739310674
"01,0,0,0",25.0,1.0,0.0022304402955393003,0.36410782188135,1.0,0.7554722585300208,0.8568738300317187,0.8602547064964176,0.859458097027524,0.6711995934660815,4.698397154262571,[ 4.6984 -0.0469 -0.2507 -0.5923],0.046937496307459255,0.5923404255319149,0.25065703116452676,0.8899349530039009
"01,0,0,0",26.0,1.0,0.02755762733850432,0.6204438495998077,0.9516229648298374,0.8514998775466464,0.898999426344369,0.8430805398928768,0.8966044893088356,0.7271155392658396,5.089808774860877,[ 5.0898 -0.0623 -0.2433 -0.5516],0.062285714987187,0.5516170212765956,0.24330180116807454,0.8572045374318572
"01,0,0,0",27.0,1.0,0.42252933901118894,1.0,0.8650409424002049,0.8779777588244218,0.8790000940100852,0.8781352603492462,0.8777011561200065,0.8286263643878792,5.800384550715155,[ 5.8004 -0.1245 -0.2051 -0.4665],0.12446894190802252,0.46646808510638305,0.20506616834434177,0.7960031953587473
"01,0,0,0",28.0,1.0,0.48164646956964596,0.9718011150228096,0.9117844505399044,0.9393102473196008,0.9071777965270381,0.938680851088837,0.9063733689228622,0.8652534712843856,6.056774298990699,[ 6.0568 -0.1536 -0.2004 -0.4165],0.15357396465931555,0.4164893617021276,0.20037664312958042,0.7704399694910236
"01,0,0,0",29.0,1.0,0.45839142270054234,0.8957153078781007,0.9353000245229105,0.9475039391337731,0.9483424231779694,0.9488760251750645,0.9491431780197083,0.8690389029440099,6.083272320608069,[ 6.0833 -0.1403 -0.2164 -0.4085],0.14027049405696296,0.408468085106383,0.21635901901828156,0.7650975981816275
"01,0,0,0",30.0,1.0,0.43525005986812076,0.7572495314598665,0.9162555339462204,0.9206145932372245,0.9229679810057266,0.9239915181734722,0.924446271279396,0.8286822127100039,5.800775488970027,[ 5.8008 -0.1182 -0.2174 -0.377 ],0.11815538140571391,0.37699999999999995,0.2173616984933244,0.7125170798990382
